User_Name,Is_Local_Guide,User_Total_Reviews,Rating,Review_Date,Has_Image,Review_Text,Sentiment,Kategori_Operasional,Urgency_Level
Shera Natalia,Ya,13,1,sebulan lalu,Ya,"Harga emang gak dipasang, jd sangat menjebak customer. Cukup 1x aja kesini. Sangat2 tidak rekomendasi. Rasa sangat2 B aja, tidak ada yg istimewa. Ini padahal resto biasa bukan resto mewah. Bisa kalian total sendiri nota2 ini abis berapa. …",Negatif,"Harga, Produk/Makanan",Sedang
putri retnosari,Ya,11,1,11 bulan lalu,Ya,"Hati² harga tidak masuk akal.. ketika makan di sana, saya tanya harga tidak dijawab. Katanya duduk saja, duduk saja. Ditanyai harganya marah². Ternyata betul 1 porsi nasi putih aja 14.000. Lele 1 ekor 18.000. Bebek 1 dada. 50.000 …",Negatif,"Pelayanan/Staf, Harga",Sedang
Sherryl S,Ya,18,4,5 bulan lalu,Ya,"comfort food!👍🏻, cuman bumbu ikan bakar madunya kek kurang berasa tapi kalo soal tekstur oke bgt, agak kaget harga makanannya soalnya gada harga tertera🤣 tp oke lahh worth to try kalo bingung cr makan malem"" karna dia 24 jam …",Positif,"Produk/Makanan, Harga",Rendah
kOko velloz_,Bukan,1,1,3 bulan lalu,Ya,"gila sih ini, niat jualan harga gak masuk akal, tempat makan pinggiran jln, bukan tempat mewah layak'nya restoran tapi yg bikin kaget, mkan cuma dua org menu sambelan dua porsi, lauk bebek sedang sama lele kecil dan dua ayam plus tambah …",Negatif,"Harga, Suasana/Tempat",Sedang
Glenn Wibowo,Bukan,3,1,4 bulan lalu,Ya,"Maaf, buat makanan semahal ini, bintang satu aja masih terlalu bagus. Bebek goreng @45.000/potong. Nasi @14.000. Es Teh @13.000. Es Jeruk Nipis @27.000. Hati2 yang belum pernah makan di sini.",Negatif,"Harga, Produk/Makanan",Sedang
Nindi Tulus,Bukan,1,1,6 bulan lalu,Ya,Ngawur kalo kasih harga. Minuman es jeruk 27.000. wow banget.. nasi putih 14.000 wooww,Negatif,"Harga, Produk/Makanan",Sedang
Umi Khumaidah,Bukan,4,1,4 bulan lalu,Ya,"Untuk yang lain yang mau ke sini harap di pikir"" lagi,harga ga masuk akal bgt bebek dada 3 150k, tempatnya kotor, fasilitas ga lengkap,es jeruk 27k padahal pakek jeruk nipis bukan jeruk buah,dan di buku menu tidak ada keterangan …",Negatif,"Harga, Suasana/Tempat",Sedang
vivi sandradewi,Bukan,10,1,2 bulan lalu,Ya,"Ya ampun mahal banget , nasi 15rb , ikan dorang bilang 50rb ternyata 80 rb padahal ga besar",Negatif,"Harga, Produk/Makanan",Sedang
Fanis Rusmanu,Ya,12,1,seminggu lalu,Tidak,Hati hati yg makan disini Makanan gk ada rasanya harga mahal banget menang foto sama artis doang Nasi ayam 10 porsi …,Negatif,"Harga, Produk/Makanan",Sedang
rifatul fitriah,Bukan,8,1,7 bulan lalu,Ya,"Kaget bangeett🤣 Pesen 1 ekor ikan bakar ukuran sedang-besar, 3 es jeruk, 3 nasi 415.000 😆😆 Ini real ga bohong sayang bgt notanya dibuang anak saya di restonya. Rasanya …",Negatif,"Harga, Produk/Makanan",Sedang
Golden Star,Bukan,1,1,4 minggu lalu,Tidak,"Hati hati bolo , memilih tempat makan, Sebelum membeli tanyakan harga . Jangan tergoda warung viral banyak foto artis .... …",Negatif,Harga,Sedang
Anne,Ya,184,4,Diedit setahun lalu,Ya,"Lelenya dapet 2 soalnya kecil2 tapi tetep kurang sih menurutku dibanding porsi nasinya, hehe. Sambelnya enakk banget dan dapet penuh satu ulekan. Yg aku suka sabunnya gak dicampur air 🤣👍🏻 Oh iya, buka 24 jam! Mantap! …",Positif,Produk/Makanan,Rendah
Arif Subagyo,Ya,245,3,setahun lalu,Ya,"Sambelan paling manteb rasanya. Harga relative mahal. Gak ada daftar harga, yg pertama kali datang akan kaget. Es jeruk 25rb sepertinya agak mahal. Sekali2 aja kesini kalo lagi pingin sambelan yg enak.",Netral,"Harga, Produk/Makanan",Rendah
edy nurtamam,Ya,19,3,2 bulan lalu,Tidak,"Lihat harga sebelum makan biar tidak kecewa, lumayan mehong dibanding tempat lain setara. Kemaren berdua habis 200k lebih, menunya Gurami bakar 130k, bebek 1 potong 45k, nasi putih satu porsi 14k, teh anget 10k, sayur, sambel gratis bisa reques pedas atau tidak",Netral,"Harga, Produk/Makanan",Rendah
Eka Hadi Styaningsih,Bukan,6,1,8 bulan lalu,Ya,"Gk rekomend sih, karna overprice 😩 harga gk masuk akal. Saran aku mending cari lalapan di lain aja 😭 harga nasi 14rb 😩 es jeruk 27rb 1 gelasnya 😭 …",Negatif,"Harga, Produk/Makanan",Sedang
Salma oktaa,Bukan,2,1,3 bulan lalu,Tidak,"Sepertinya perlu banyak renovasi di sini, baik dari segi tempat maupun standar kebersihan alat makan. Cobeknya sudah pada grompil tapi masih dipakai. Rasa makanannya flat banget, sambalnya juga kurang bumbu. Dengan harga yang lumayan tinggi, ekspektasi saya jauh di atas ini. Sayang sekali",Negatif,"Produk/Makanan, Suasana/Tempat",Sedang
Indri Ani,Ya,23,1,4 bulan lalu,Tidak,Kapok makan disini...utk rasa emang enak tapi klo harga nggak masuk akal jd nyesel krn disana nggak ada menu harganya kita jadi ambil sate2an dan ternyata hrganya luar biasa 🤣 Sate yg hrsnya 5rb ini bisa smpe 40rb 1 tusuk. Sempet kita …,Negatif,"Harga, Produk/Makanan",Tinggi
Ndramus Thok,Bukan,2,1,5 bulan lalu,Ya,"Jangan pernah yg kedua kalinya,.. makanan ga masuk akal. Bebek 1, lele rp.114.000. mending di resto",Negatif,"Harga, Produk/Makanan",Tinggi
Bayu Himawan,Ya,95,1,setahun lalu,Ya,"Pertama kali makan disini hsail dari tanya-tanya orang, memang sudah diberitahu makan disini mahal, tapi karena sudah tengah malam tidak ada yang buka dan penasaran akhirnya kami coba, setelah sampai langsung pesan, makanan matang, rasa …",Negatif,"Harga, Produk/Makanan",Sedang
Ryuniar,Bukan,3,1,6 bulan lalu,Ya,Gilaa pesen gurami 1 dengan harga segitu 🥲 pdhal gurami nya kecil kayak gak sesuai aja dengan tempat nya . Sambel juga gak seberapa enakk …,Negatif,"Harga, Produk/Makanan",Sedang
Eryz West,Bukan,6,1,sebulan lalu,Tidak,"Harga emang gak dipasang, jd sangat menjebak customer. Rasa sangat2 biasa aja, tidak ada yg istimewa. Ini padahal resto biasa bukan resto mewah. harganya sangat2 tidak masuk akal.",Negatif,"Harga, Produk/Makanan",Tinggi
riyanto openk,Ya,14,1,sebulan lalu,Tidak,"Rasa biasa Di menu tidak tercantum harga dan alhasil kena getok mahal Di hargain sendiri"" di nota …",Negatif,"Harga, Produk/Makanan",Tinggi
Putri Rahmayani,Bukan,4,1,setahun lalu,Ya,"Tidak worth it untuk makanan dipinggir jalan, tempat termasuk kumuh tp harga selangit Pesan ikan bakar ukuran sedang 3 ayam goreng 3 potong nasi 6 piring minum 6 …",Negatif,"Harga, Suasana/Tempat",Tinggi
sonny surya,Bukan,5,1,7 bulan lalu,Ya,Untuk pelayanan bagus Untuk rasa biasa Sayang harganya bikin wow. …,Negatif,"Harga, Pelayanan/Staf",Sedang
fransiska herningtyas,Bukan,12,1,4 bulan lalu,Ya,"mahal bebek 50 rb, lele 18 rb, nasi 14 ribu. gak usah diulang",Negatif,"Harga, Produk/Makanan",Sedang
Siti Nawangsih,Ya,120,5,2 bulan lalu,Ya,"Hehe sorry om udah janji lama tapi blm sempat mampir😊✌️ nextime lah tapi wunak ya sambal matahnya,ini prtama kalibya aku makan sambal bawang putih ya itu atau apa kok kenyes"" aku kira kayak kentang malah hehe... porsi nasi ne kakehan bisa sampe sahur inu mah 😊👍👍👍👌 ok deh …",Positif,Produk/Makanan,Rendah
Farel Suek,Bukan,2,1,4 minggu lalu,Tidak,Ngerrii.. Ini mah bukan resto tapi warung hrga. Resto bintang 5.. Tolong utk. Pemkot setempat. Utk d tindk lanjuti. Warung ini. Byr tdk ada korban dusta dr warung harga tdk d terterakan. Kasihan korban selanjutnya. Warung tdk amanah. Tp …,Negatif,Harga,Tinggi
Rusyda Taqiyya,Ya,75,1,8 bulan lalu,Ya,"Saya percaya2 sama driver yg bawa ke tempat ini. Pas mau bayar, kok tagihannya mahal banget ber lima segini. Es jeruk 27 rebu, nasi 14 ribu. Ikan kerapu yg gong 160.000. Ga ada harga sama sekali terpajang di tempat makannya.",Negatif,"Harga, Produk/Makanan",Tinggi
Avitaning Ayu K,Bukan,5,1,2 bulan lalu,Tidak,Kapok banget makan disini...sangat tidak wajar dan tak masuk akal. Pesan 1 ekor ikan bawal sedang_besar...1 ekor gurami sedang...1 es teh..2 nasi ..3 tahu 3 tempe goreng abisnya 438 .000 …,Negatif,"Harga, Produk/Makanan",Tinggi
anjni pr,Bukan,7,1,setahun lalu,Ya,MAHAL BGT!!!! harganya gk masuk akal coy 😭 nasi biasanya 5rb disini 13rb pdhl porsinya dikit. es teh 13rb 😭 ayam kecil 34rb. parah seh …,Negatif,"Harga, Produk/Makanan",Tinggi
Ermi Herawati,Bukan,2,2,7 bulan lalu,Ya,"Overprice, kakap putih 5,3 ons, nasi 2, tahu tempe 2, terong bakar, teh tawar hangat dan jeruk hangat Rp 288.000,-",Negatif,"Harga, Produk/Makanan",Sedang
Yudho Kusumo,Bukan,7,1,setahun lalu,Ya,"OVERPRICE, rasa di bawah standar, gak worth it dengan harganya, tidak ada pricelist di buku menu, ditanya harga gak jawab, pesen diburu2, milih ikan diambilkan yang besar. …",Negatif,"Harga, Pelayanan/Staf",Sedang
imanuel arnold,Ya,177,3,4 tahun lalu,Ya,"Usut punya usut katanya Padin Ikan Goreng ini cukup rame apalagi di kalangan yang kelaparan sehabis ""wisata malam"" karena ya tempat ini buka 24 jam. Lokasinya sendiri lumayan strategis, dari lampu merah perempatan sebelum BG Junction …",Netral,Suasana/Tempat,Rendah
lilis setyowati,Bukan,2,1,3 bulan lalu,Ya,"Mas, jualan sewajarnya saja Sy kaget habis makan lihat notanya segitu, gak sebanding sama makanannya. Cuman bebek saja 60rb, es milo 27rb. Mending tutup saja mas 🥺🙃 GAK WAJAR …",Negatif,"Harga, Produk/Makanan",Sedang
Achi 1982 Akhdan,Bukan,10,1,sebulan lalu,Tidak,"Baru aja dan pertama kali makan disini, harga bikin shock , ikan kakap merah bakar 5 ons 220 rb, harga blm nasi dan minum, rasa B aja. Gk worthit lah",Negatif,"Harga, Produk/Makanan",Sedang
Berdi Simangulun,Ya,56,1,setahun lalu,Ya,Mohon maap sblmny saya hanya riview jujur ssuai kjadian. Baru Datang lgsg diburu2 pilih seafoodnya. Krn kegedean untung gk ambil. Ibunya tidak ramah trkesan nyepeleke kaya kita yg butuh makan. Sy plih air putih panas …,Negatif,"Pelayanan/Staf, Produk/Makanan",Sedang
Aulia Lia,Bukan,5,1,3 bulan lalu,Tidak,ya allah terkeget kaget loh aku makan di padin ini.. harga kayak makan di restoran mall mall gilak kali harga nya gak masuk akal.. pantesan sekarang warung nya sepi..orang harga nya gak ngotak kali ya...makan …,Negatif,Harga,Sedang
Chandra Nugraha,Ya,375,4,2 tahun lalu,Ya,"Lokasinya ada di jalan Kranggan dekat BG Junction Mall. ada banyak pilihan menu mulai ikan kakap, ikan kerapu, lele, bebek, ayam, tahu, tempe, terong dan yang lainnya, bisa di goreng maupun di bakar. Pilihan sambalnya juga ada banyak mulai …",Netral,"Suasana/Tempat, Produk/Makanan",Rendah
prayogi atika,Bukan,11,1,8 bulan lalu,Ya,"Habis makan kaget dengan harga yang tidak logis hehehe.padagal dlu katanya rame skrng sepi bgt pas saya makan tadi. Y SDH di bayar saja sudah kenyang dengan rasa standar sperti penyetan kaki lima pada umumnya, tapi harga restoran bintang …",Negatif,"Harga, Produk/Makanan",Sedang
Lintang Pratama,Ya,444,5,Diedit setahun lalu,Ya,"Ntah kenapa, sambelnya berubah rasa. Ngga sekental dan pedes ssperti dulu. Pembangunan/renovasi pedestrian juga proyeknya ngga selesai2 sepertinya, membuat selokannya ternganga membuat aroma kurang sedap tercium. Dan seperti biasa, sediakan …",Negatif,"Produk/Makanan, Suasana/Tempat",Sedang
rDre kun,Bukan,4,1,4 bulan lalu,Tidak,"iseng nyoba mampir kesini karna sepi, ekspektasi ku biar pelayanan maksimal... eh ternyata zonk, makan berdua habis 170rb, sambal nya gk kemakan karena basi, cukup sekali aja sih gk lagi² kesini …",Negatif,"Pelayanan/Staf, Produk/Makanan",Tinggi
Sepdhyo Wahyu,Ya,439,5,4 tahun lalu,Ya,"Salah satu tempak makan yang enak di surabaya. Parkiran luas, tempatnya terang, dan buka 24 jam. Ada banyak menu mulai seafood (bakar atau goreng), ayam, bebek, babat, dan lain-lain. Minuman pun bervariasi. Untuk seafood ada dorang, kakap, …",Positif,"Fasilitas/Parkir, Suasana/Tempat",Rendah
FICKA ANDRIA PRATAMA,Ya,42,1,6 bulan lalu,Tidak,"Untuk rasa yang biasa saja harganya terlalu tinggi,, Mungkin karena penjual nya sudah sering foto bareng artis ya, jadi kalau makan disini Rasa biasa saja tapi kursi dan meja nya bekas artis 😁😁 …",Negatif,"Harga, Produk/Makanan",Sedang
karlina Widiyastuti,Bukan,2,1,setahun lalu,Ya,"Makanan penyetan di wilayah Surabaya yg rasanya biasa ,harganya gak masuk akal sate udang 1 tusuk 40rb,es jeruk 27rb ,nasi putih 1 piring 13 rb,ikan bakar 130rb ,usus ayam 48rb ..semoga bermanfaat",Negatif,"Harga, Produk/Makanan",Sedang
edoy ramadhani,Ya,106,4,4 tahun lalu,Ya,"Enak, pilihan sambel banyak, ukuran pedes nya itu di atas rata rata, mesen yang sedeng aja rasa pedes ya pooll, tapi kalo di padu sama nasi dan gurihnya bebek yang di goreng dalam wajan penuh minyak berlemak, rasanya memberikan efek yang …",Positif,Produk/Makanan,Rendah
Adityo Pujo,Bukan,6,1,6 bulan lalu,Tidak,"rasa lumayan ok , tp untuk ukuran kaki lima harga terlalu overprice , cth 1 sate udang isi 4udang 40 rb, 1 sate usus 48rb . tp ya ga pa2 kalo memang pengen makan yg 24 jam, dan mungkin tamu dr luar kota yang hanya mengandalkan google. tp bukan untuk kaum mendang mending",Negatif,"Produk/Makanan, Harga",Sedang
Daffa Reyhan,Bukan,7,1,4 bulan lalu,Tidak,"Pesan kerapu 1, nasi putih 3, terong 1, ayam dada 4 total 472 K, kami kira yang buat mahal ikan kerapunya ternyata memang restorannya yang parah kasih harga. Ga lagi2 deh",Negatif,"Produk/Makanan, Harga",Sedang
Retno Hesti Puspandari,Ya,140,1,setahun lalu,Ya,"Makan disini kita mau pilih makan apa diburu² sama mbak² yg jaga ikannya. Kita tanya harga ikannya brp, jawabnya nanti ditimbang. Trus nanya harga per 100 gram brp, dijawab g tahu. Agak aneh kalau penjual sampe g tahu harga yg dijual. Pas …",Negatif,"Pelayanan/Staf, Harga",Sedang
Sarah Almahyra,Ya,412,2,3 bulan lalu,Tidak,Sebenarnya rasa nya cukup enak. Tapi harganya kurang transparan. Kasirnya ngasih harganya random. …,Negatif,"Produk/Makanan, Harga",Sedang
Thyca Chan,Ya,281,2,6 tahun lalu,Ya,"Hmm gmn ya? Sorry to say, ini kemahalan sihh. Semua dihitung satu”. Ayam, nasi, tahu tempe, terong, dll, semua ada hrga nya sendiri..ngk jadi 1 paket. Jadii makin bnyak ikan yaa makin nambah. Sambel sih oke, bebek & Ayam juga keras, tempe tahu juga B aja. Tempat juga lumayann sih. Not worth it sih dengan hrga segitu. Sorry 🙏🏻🙏🏻🙏🏻 …",Negatif,"Produk/Makanan, Harga",Sedang
E Y,Ya,79,1,11 bulan lalu,Ya,"Agak overprice. Bukan masalah target market nya atau apapun itu. Sdh tanya harga , katanya 1 paket . Eh ternyata pas di kasir , ayam terong sambal harga nya gk sesuai. Ayam nya alot bgt. Gk meresap bumbunya. Nasi katanya goceng 5000. Ini gk …",Negatif,"Produk/Makanan, Harga",Sedang
Oktavianita Putri Ariza,Bukan,5,1,3 bulan lalu,Tidak,gilaa gila pesen 2 bebek 2 nasi 2 es teh 158.000 dong sambel juga ga macem2 cuma sambel tomat tp harga g ngotak sumpah,Negatif,"Produk/Makanan, Harga",Sedang
Fitri Olivia,Bukan,4,1,setahun lalu,Ya,Honest Review Barusan dine in bareng 5 orang …,Negatif,Pelayanan/Staf,Sedang
Hizkia Efrat,Bukan,3,1,2 tahun lalu,Ya,Udang kek gitu 3 tusuk 40 rb ??? Es jeruk 4 100 rb ?? Satunya 25 rb ???? Tdi gw rombongan 13 org habis 1 jt 98 rb coyy padahal makanan nya ga banyak banyak amat . Asli ini udah masuk penipuan sih,Negatif,"Produk/Makanan, Harga",Tinggi
AMIRUDDIN FARID MUKHTADI,Ya,631,1,7 tahun lalu,Ya,"Muahal.... bebek goreng 40rb/porsi, es jeruk 18rb/gelas, nasi putih 7rb/porsi, Tempat kurang nyaman... ada ruangn tertutup tp tdk ada AC cm kipas... makan pedes..cuaxa panas tmbah kmringet sumuk...",Negatif,"Suasana/Tempat, Harga",Sedang
A Soka,Ya,22,1,2 tahun lalu,Ya,"Harganya mahal bangeet buat ukuran kaki 5, dlu waktu masih di tenda ngga semahal ini. Semalem makan ber 5 yg dipesan : 2 ayam goreng …",Negatif,"Produk/Makanan, Harga",Sedang
Toko listrik Rafftech,Bukan,1,1,10 bulan lalu,Ya,"Es jeruk 27 RB😱,nasi 14rb,bebek 47rb..klu sekelas restoran sih wajar harga segitu tempatnya nyaman ber AC,lha ini sekelas warung harganya selangit,tempatnya juga panas ga nyaman😏bener2 ga worth it makan disini.cukup sekali dan ga bakalan balik lagi..hrganya gaa ngotak👎pntesan di buku menu ga ada hrga,, …",Negatif,"Suasana/Tempat, Harga",Sedang
Pricillia Yuliana,Ya,40,5,2 tahun lalu,Ya,"Pertama kali mencoba makan disini, dan jawabannya ENAK. Mungkin karna kami pesannya ikan kakap merah bakar sehingga harganya lumayan, tadi sedang besarnya harga 165K, sambalnya enak, setiap menu lauk, bisa dapat 1 …",Positif,"Produk/Makanan, Harga",Rendah
Mai Umi Khumaidah,Bukan,4,1,4 bulan lalu,Tidak,"Untuk yang lain yang mau ke sini harap di pikir"" lagi,harga ga masuk akal bgt bebek dada 3 150k, tempatnya kotor, fasilitas ga lengkap,es jeruk 27k padahal pakek jeruk nipis bulan jeruk buah,dan di buku menu tidak ada keterangan …",Negatif,"Suasana/Tempat, Harga",Sedang
SUCI Ramadhani,Ya,10,1,4 bulan lalu,Tidak,Aku padahal ga pernah itung itungan masalah jajan dan makanan. Mahal asal enak dan kualitas sesuai tidak masalah bagi saya. …,Negatif,"Produk/Makanan, Harga",Sedang
Ika Shaliha Oktavia,Ya,334,4,Diedit 3 tahun lalu,Ya,"Yang membuat tempat ini istimewa adalah, pilihan sambelnya banyak! Apalagi minumannya disediakan dengan gelas jumbo, pilihan lauknya juga lumayan lengkap. Beserta kondimen penyetan lainnya, seperti timun, kemangi, terong, tahu dan tempe. …",Positif,Produk/Makanan,Rendah
MALIYAKIN,Ya,236,3,9 tahun lalu,Ya,"Secara Rasa 8/10 dan tempatnya cukup luas, kita bisa memilih di dalam ruangan berkaca atau di sebelah samping yang bisa langsung melihat ke jalan raya kranggan. …",Positif,"Produk/Makanan, Suasana/Tempat",Rendah
ayu mahrezaa,Ya,85,2,7 tahun lalu,Ya,"Harga gurami 70k cukup mahal jika dibandingkan dengan ukurannya, normalnya ukuran kecil itu seharga 45/55k jika diluar. …",Negatif,"Produk/Makanan, Harga",Sedang
Anindya Sadhana,Bukan,8,1,setahun lalu,Ya,"Pertama kali kesini, nanya harga bilangnya “oh yang tau kasir sekitar 15-20ribuan” lanjut mesen minum dan free sambal. Dilihat menunya gk ada harganya. Berasa di TIPU. JANGAN KESINI LAH!!! 😔🙏🏻 dan nyeseknya jeruk 25rb gilak!!!! Maafin hanya mau jujur!!! …",Negatif,Harga,Tinggi
Hyunie Qusnul,Bukan,2,1,setahun lalu,Ya,"Bisa nilai ajalah ya sendiri , bukan resto tapi harga nya gong bangett . Nasi perporsi nya 13k . Udang di tusuk isi 4 biji 40k babat kecil2 48k bebek goreng tanpa bumbu ato apapun hanya goreng dengan harga 47k 🫠 …",Negatif,"Produk/Makanan, Harga",Sedang
Muhammad Sakti,Ya,34,5,setahun lalu,Ya,Mantap. Saya pesan sambal tomat dgn tingkat kepedasan medium benar2 terasa medium. Bisa dinikmati. Mantap sekalii. Semua menu kita santap sampai ludes. …,Positif,Produk/Makanan,Rendah
Rohmat (Rohmat),Ya,253,5,3 tahun lalu,Ya,"Salah satu tempat kuliner malam Surabaya yang buka hingga 24 Jam. Terletak di dekat pasar blauran, Padin Ikan Goreng menyediakan berbagai macam …",Netral,"Produk/Makanan, Suasana/Tempat",Rendah
Arie Amri,Ya,927,4,6 bulan lalu,Ya,"Masakan enak.. Harga lumayaan, standart surabayaa..",Positif,"Produk/Makanan, Harga",Rendah
Desi Setia Rini,Bukan,3,1,4 bulan lalu,Tidak,"Barusan makan ikan dorang goreng sm ikan kakap bakar berdua habis 500rb😱 tempatnya kotor, banyak lalat, lalapan timun dan kol saja...wes kapok aku😅 …",Negatif,"Produk/Makanan, Suasana/Tempat",Tinggi
rieke n.,Ya,10,1,setahun lalu,Ya,"Dulu tinggal di sby tahun 2018 harga udah lumayan mahal. Eh sekarang lebih parah, overprice. Blas ga worth it, tempat kumuh, ngemper pinggir jalan. Mau pilih menu udah dibikin buru-buru sama mbak2nya, buka menu ga boleh, gendeng.... …",Negatif,"Pelayanan/Staf, Suasana/Tempat",Tinggi
Farich Sadi,Ya,9,2,2 tahun lalu,Ya,"makanan, oke, sambelnya masih cocok di lidah. service dari pekerja juga bagus, tanggep banget dan cepet pelayanannya. suasana sekitar juga rame, jadi enak sambil liat liat. …",Positif,"Produk/Makanan, Pelayanan/Staf",Rendah
yossi budiono,Ya,1018,1,sebulan lalu,Tidak,"Tadinya mau makan disini tp lihat revisi banyak yg kecewa krn harganya nggak masuk akal jadi batal, mending makan di BG junction",Negatif,Harga,Sedang
Ahmad WR,Ya,5,1,setahun lalu,Ya,"GILA SIH!! Dulu terakhir makan disini msh murmer, ko skrg malah harganya ngalah2in makan di Hotel/ resto, padahal menu dan masakan g jauh beda sama penyetan yg mangkal di pinggir jalan, tempatnya juga B aja!!! Es jeruk 25.000? Ini jeruk …",Negatif,"Suasana/Tempat, Harga",Tinggi
tere teresia,Bukan,1,1,2 tahun lalu,Ya,Baru Kali ini ksih ulasan di google. Tapi ini sangat tidak wajar. Rasa B aja. Porsi sama kyk kaki Lima. Jualan jg dipinggir jl ala kaki Lima. Tapi harga nya ga msuk akal. Makan bebek 2 Dan 1 tusuk udang. Juga Milo 1 gelas ukuran gede harga …,Negatif,"Produk/Makanan, Harga",Tinggi
Castella Api,Bukan,2,1,4 bulan lalu,Tidak,"Cukup sekali makan ditempat ini, Harga tidak masuk akal, Rasa lebih buruk dari warung jalanan ,ayam pun di goreng masih ada darahnya.harga macam restauran berbintang,",Negatif,"Produk/Makanan, Harga",Tinggi
KARTIKA WELSY LUIN,Ya,218,5,Diedit 2 tahun lalu,Ya,"Makanannya lumayan cuman kadang enak kadang engga jadi tergantung kalo dulu enak sekarang mulai kurang, cara bakarnya kadang masih bau amis",Netral,Produk/Makanan,Rendah
Peter wowor,Bukan,3,1,sebulan lalu,Tidak,"Harga Bintang Lima (super Mahal) rasa kaki Lima (kurang bumbu, tidak ada yang special)",Negatif,"Harga, Produk/Makanan",Sedang
Ahmad Syeh,Ya,211,5,2 tahun lalu,Ya,"Enak banget makanannya ada bakar dan goreng, ikannya jg fresh bisa pilih sambelan dan level pedasnya. Ada banyak foto artis makan d tempat ini.",Positif,Produk/Makanan,Rendah
Eka Nurhidayah,Ya,448,4,Diedit 2 tahun lalu,Ya,"Tempat makan sambelan dg konsep buka 24 jam. Sambelnya biasa aja, dengan harga yg lumayan pricey. Yang jd andalan adalah sambel bawangnya, ukuran bebek cukup besar dan porsi nasi banyak",Netral,"Produk/Makanan, Harga",Rendah
Ita R,Bukan,3,1,setahun lalu,Ya,"OVER PRICE ...makan pinggir jalan harga selangit,rasa b aja... pesan 1ikan bakar ukuran sedang,1 bebek goreng,3ayam goreng,nasi putih 4,es jeruk 2 habis 500lebih..",Negatif,"Harga, Produk/Makanan",Sedang
Ian Fridslan,Ya,105,3,7 tahun lalu,Ya,"Salah satu tempat kuliner di surabaya yang menyajikan penyetan ayam,ikan, dan bebek. Selain itu juga tempat ini menyediakan terong goreng, tahu goreng dan tempe goreng. Jenis sambal yang ditawarkan ada tiga macam yaitu sambal mangga, sambal …",Netral,Produk/Makanan,Rendah
Akmaludin Akbar,Ya,164,1,Diedit 3 tahun lalu,Ya,"Hati-hati! Sebaiknya tanya harga dulu sebelum milih ikan / lauknya, besar kecilnya ikan ga ditimbang harga langsung ditulis gitu aja. . …",Negatif,Harga,Sedang
Popi Andriani,Bukan,7,1,sebulan lalu,Tidak,"Makanan B aja, harga gak masuk akal bgtt! Pelayanan 1/10. Gak wort it!!",Negatif,"Produk/Makanan, Harga",Sedang
Sinta Krisna,Ya,15,3,7 tahun lalu,Ya,"Ayam dan bebek bakar lembut. Tapi harga makan dan minumannya terlalu mahal dgn ukuran seperti itu, jika dibandingkan dgn tempat yg notabene berbentuk depot pinggir jalan (bukan di mall atau semacamnya). …",Negatif,"Produk/Makanan, Harga",Sedang
Lailatur Rofidah,Ya,35,2,11 bulan lalu,Tidak,"Merasa tertipu dengan harganya, beli ikan barona bakar katanya bobot 5 kg an harga 260, nasi 3, jeruk anget 2, sambal 1, terong dan udang kena 429.000. Harga udang 60k dapet 3. Menurutku mahal banget dengan rasa yg pas pasan, mending langsung ke resto bintang 5 aja.",Negatif,"Harga, Produk/Makanan",Tinggi
Antonio Banderas,Bukan,3,1,5 bulan lalu,Tidak,"Parah, 1 ekor gurami ukuran sedang dipatok harga 170rb, makan berdua abis 219rb dengan rasa yg B aja.",Negatif,"Harga, Produk/Makanan",Sedang
Hafidz Al Mubarok,Ya,88,1,3 tahun lalu,Ya,Semoga bisa ditindak lanjuti dinas setempat supaya tdk mengecewakan pendatang... …,Negatif,Suasana/Tempat,Tinggi
Fika Helswando,Ya,211,5,4 tahun lalu,Ya,"Makan dengan sambel yang pedes itu makanan enak versi aq, dsni kita bisa pesan mw sambel yang biasa, sedang atw pedas,, untuk ikan yang aq pesan wlu gag begitu fresh tp gag kecium bau amisnya, mereka juga jual ayam, bebek n jeroan,, ada …",Positif,Produk/Makanan,Rendah
Ahmad Kusnaidi Billah,Bukan,12,1,9 bulan lalu,Tidak,"Makan disini mahal banget , saya makan disini ber 2 sama istri saya bisa habis 400rb , harga ikan sangat mahal , harga nasi dan harga minuman sangat tidak masuk akal , tidak di rekomendasikan buat yang sekedar berkunjung ke surabaya lalu …",Negatif,"Harga, Produk/Makanan",Sedang
Dayu Vinda,Ya,115,5,7 tahun lalu,Ya,"Benar2 enak banget sambelan disini. Bisa request mau gak pedes,sedang ato pedes banget. Harganya masih cukup masuk dikantong. Habis pilih makanan langsung bayar. Bagus nih biar gak ada orang yang kabur hehehe... Kamar mandi bersih. Wastafel ada 3. Bersih semua. Baguss.. Lokasi strategis juga.",Positif,"Produk/Makanan, Harga",Rendah
Aris Dharmawan,Ya,786,3,7 tahun lalu,Ya,"Penjual masakan khas Jawa Timuran yang buka 24 jam, dengan menyajian hidangan ala warung pecel-lele seperti Ayam goreng termasuk segala jenis jerohan ayam yang digoreng, Ikan Goreng, Lele Goreng, Daging Empal (gepuk) dll, yang semuanya disajikan dengan sambal khas gaya lamongan.",Positif,Produk/Makanan,Rendah
Ngakan Gde Bayu Aditya,Ya,46,3,7 tahun lalu,Ya,"Menyediakan aneka penyetan khas surabaya seperti ikan ayam bebek goreng atau bakar dan aneka pelengkapnya dengan harga standard yang diikuti oleh kualitas rasa yang standard pula dan tidak terlalu spesial, jadi jangan berekpektasi yang …",Netral,"Produk/Makanan, Harga",Rendah
anieta ingne,Bukan,4,1,setahun lalu,Ya,Makanan gak enak kasih harga ngawur. Ayam goreng kering udang tusuk sate 1 tusuk isi 4 harga 40ribu Nasi 1 porsi 13ribu. Harga ngawur …,Negatif,"Produk/Makanan, Harga",Sedang
Adik Norma Siti Nurlaila,Bukan,7,1,setahun lalu,Ya,"After a long time ga pernah kesini, malem ini nyoba makan disini lagi dan ternyata WOW agak kaget yaa sm harga nya skrg😅 Paru 1 tusuk 48rb, es jeruk 25rb, makan di pinggir jalan, pas pesen mbak2nya nge …",Negatif,"Harga, Pelayanan/Staf",Sedang
jj888 group,Bukan,3,1,6 bulan lalu,Tidak,"Harga nya tdk masuk akal. Kita datang ber 4 Pesanan 3 tusuk udang,3 tusuk paru,1 ayam goreng,1 bebek goreng,Pete,Nasi dan es teh 4 harga total 481rb🫣sekelas penyetan ruangan tak ber AC. Rasa seperti pada umumnya penyetan pinggir jalan. …",Negatif,"Harga, Produk/Makanan",Sedang
Oki Sasongko,Bukan,1,1,7 bulan lalu,Tidak,"Kapok se kapok²nya, sy jg orang kuliner...minta daftar harga ga d kasih...mahal bgt, maksa beli dan coba rasanya ga karuan...klo gini resto dan pelayanannya ga baik, bakal mengecewakan pembeli yg lain",Negatif,"Harga, Pelayanan/Staf",Sedang
Achmad Fauzie,Bukan,1,1,3 bulan lalu,Tidak,sejujur nya harga nya gak masuk akal makan di sni mahal kali..gak sesuai expetasi...!!,Negatif,Harga,Sedang
Eka Muhamad,Bukan,5,1,setahun lalu,Ya,"Makanan gini habisnya 200k Gak masuk akal, Kasian yg ketipu. Rasa biasa gaada yg istimewa.. Semoga gaada yg ketipu lagi.",Negatif,"Harga, Produk/Makanan",Sedang
Cindy Caroline,Ya,324,1,2 tahun lalu,Ya,"harga relatif. dorang nya enak lembut, sambalnya juga enak tapi sayangnya dipertengahan makan nemu belatung 2 disambal bawangnya, diganti tapi sudah tidak pengen 🙏🏻 responnya juga seperti sudah biasa,tidak ada maaf juga sama sekali tapi ya sudah apa saya yang terlalu berekspetasi. pertama dan terakhir kesini sekian terima kasih🙏🏻 …",Negatif,"Produk/Makanan, Pelayanan/Staf",Tinggi
kholif nisa,Bukan,1,1,setahun lalu,Ya,Cukup sekali aja kesini. Harus lebih hati2 sih kalo milih tempat makan yang nggak ada tulisan harganya apalagi buat orang mendang mending kyk aku . Sambelnya enak. Tapi ya untuk harganya nggak wajar aja hahah. Nasi aja 13k es jeruk 25k.,Negatif,"Harga, Produk/Makanan",Sedang
aini alfia,Bukan,4,1,7 bulan lalu,Tidak,"kapok wes disini wkwk, buat kalian kalau mau kesini mending mikir2 dulu, harganya ngaco bener!!, buset ayam dada 2 (40rb×2 ), esteh 14rb nasi 14rb busett🥲, mana lgii paksu diliatin dari atas smpe kebawah,apa krna dia pake sandal jepit …",Negatif,"Harga, Pelayanan/Staf",Sedang
Deni Prasetio,Ya,11,1,setahun lalu,Ya,"Sangat tidak rekomended!! Masak segelas Es Jeruk 25 ribu, 2 piring nasi saja 26 ribu, segelas es BengBeng 27 ribu, 1 paha ayam kecil 33 ribu. …",Negatif,"Harga, Produk/Makanan",Sedang
Muhammad Nabil,Bukan,2,1,6 bulan lalu,Tidak,"Baru banget tadi siang makan disana Ya Allah karena udah laper lewat situ trs mampir. Rasa makanan standar, layanan biasa, tapi harga GAK MASUK AKAL cuyy. …",Negatif,"Harga, Produk/Makanan",Sedang
Keisha putri,Bukan,6,1,10 bulan lalu,Tidak,"makanan nya biasa saja, harganya overprice ngga dikasih tau juga berapa. layanan nya kurang baik dan tidak ramah suasana nya seram, suram, dan mengerikan",Negatif,"Harga, Pelayanan/Staf",Sedang
susanto ari,Ya,101,1,7 bulan lalu,Tidak,"Kena Jebakan Batman... Penjual terMAHAL untuk skala warung, karena kalau disebut restoran juga kurang relevan. Nasi sepiring 15rb, ikan Kakap 6 ons seharga 200rb, Jeruk Hangat 27rb. …",Negatif,"Harga, Produk/Makanan",Sedang
Putri Amelia,Bukan,6,1,setahun lalu,Ya,kaget bangett makan disinii harganyaa mahal bangett ga masukk akal bozz😭untuk sekelas makanan pinggiran yo ga ngene bozz😭ya mending maem di restoran layar kalo tau harganya sangat awikwok🥴mbok yo hargae dicantumnoo bozz iwakke hargae …,Negatif,"Harga, Produk/Makanan",Sedang
Irzan,Ya,14,2,7 tahun lalu,Ya,"Dulunya tempat ini adalah tempat favorit saya dan keluarga untuk makan bebek, disamping porsi bebek yang lebih besar pada umumnya, rasanya juga tidak kalah nikmat dibanding dengan tempat lainnya, meskipun ada harga yang harus dibayar dengan …",Positif,"Produk/Makanan, Harga",Rendah
Tawa kita,Bukan,1,1,2 tahun lalu,Ya,"Buat yang belum pernah makan disini.... gila harganya overpriced bangett Udang 1 tusuk isi 4, 40rb Bebek tanpa nasi 40rb …",Negatif,"Harga, Produk/Makanan",Sedang
Akbar Filayati,Bukan,1,1,8 bulan lalu,Ya,"Harga makanan mahal tidak masuk akal,+ Rasa gak enak sama sekali.",Negatif,"Harga, Produk/Makanan",Sedang
suka antarayasa,Ya,9,5,2 tahun lalu,Ya,"Pertama kali ke surabaya diajak makan disini, jadi keterusan tiap kesurabaya pengen mampir kesini karena memang bukanya 24 jam, makanannya enak dan harga terjangkau…. apalagi bebeknya, juara…",Positif,"Produk/Makanan, Harga",Rendah
YEA Jaya,Ya,67,1,2 tahun lalu,Ya,Menyesal makan disini kecewa serasa kerampokan..masa makan berdua dgn menu sate babat SM sate paru nasi es jeruk SM es teh 402.000 .. mending makan di BONCAFE tp puas.. buat pelajaran di kemudian hari KL makan di sini tanya harga nya trus …,Negatif,Harga,Sedang
Khaula Ayunani,Ya,27,1,setahun lalu,Ya,"jangan kaget sma harganya .. padahal sering kesini bberapa kali , tp perasaan ga semahal ini .. tp ini shock banget es jeruk 27ribu😭😭 nasi 13ribu🙂 hargnya buat menjerit …",Negatif,Harga,Sedang
bunawan hardi,Ya,14,1,setahun lalu,Tidak,Penjual nya emang berniat nngetok harga.... makanya ga ngasi harga di buku menu.... …,Negatif,"Harga, Pelayanan/Staf",Tinggi
Agung Hartadi,Ya,574,1,Diedit 10 bulan lalu,Tidak,Warung penyetan model sederhana tapi harganya mahal. Parahnya lagi harga tidak di cantumkan. Makanan di taruh di luar jadi kena angin dan debu jalan. Tidak rekomen.,Negatif,"Harga, Produk/Makanan",Sedang
agus setiyono,Ya,10,1,7 bulan lalu,Ya,Harganya bikin shock ternganga nganga pas bayar. Kok bisa sih jualan engga wajar gitu. Cantumin harga dong kalo jualan. Engga lagi lagi deh makan berdua abis 200 rb lebih,Negatif,Harga,Sedang
Lailly Gifiza,Ya,41,1,setahun lalu,Ya,Mau ke padin... Mikir2 dulu... Harga tidak transparan.. Suasana sepi masakannya tidak ada yg istimewa... Biasa aja kyk makanan rumahan. Harga selangit makan berdua hampir 300rb...pdhl cuma ikan bakar 1 ekor tempe 2 potong dan terong 1 …,Negatif,"Harga, Suasana/Tempat",Sedang
Lusiana Sari,Bukan,7,1,setahun lalu,Ya,makanan mahal bgtt rasa b aja 2 org habis 200k ikan gurame nasi 2 porsi ga lg deh kapok,Negatif,"Harga, Produk/Makanan",Sedang
rifqy kaffaha s,Bukan,3,1,5 bulan lalu,Tidak,"rasa biasa aja, overpriced, terlalu mahal, kualitas rendah, tempat jg kotor, gak ditunjukin list menu dan harga samsek, gak lagi",Negatif,"Harga, Suasana/Tempat",Sedang
afkar Romi,Bukan,4,1,setahun lalu,Ya,Ikan bakar gini doang 280rb blm trmasuk nasi . Kapook gak mau ksni lagi . Makan 5 org hbs 1.2jt . Dah kayak makan d resto mahal aja . Pdahal juga makanan pinggir jalan . Jangan ada lagi yg ksni . Dr pda kapokk,Negatif,"Harga, Produk/Makanan",Sedang
Malvin Destriadhi,Bukan,3,1,setahun lalu,Ya,GILA MAKAN 3 ayam + 1 Paru = IDR 200.000 Ga wajar sih Ini tempat makan …,Negatif,"Harga, Produk/Makanan",Sedang
Devi Saputra,Ya,33,1,setahun lalu,Ya,"Makanan B aja, malah cenderung uasiinn poll. Ga sambelnya, ga lauk nya asinn …",Negatif,Produk/Makanan,Sedang
mamitha,Ya,46,5,6 tahun lalu,Ya,suami suka bgt sama sambelnya kerasa segar. dan bisa pilih sendiri mau yg gak pedas atau pedas sekali.harganya emang sedikit mahal. Untuk ayam 22ribu untuk nasi putih 7rb . Tahu seribu. semoga pelayanan dan kebersihan ditingkatkan ya.,Positif,"Produk/Makanan, Harga",Rendah
Anya Gizella,Ya,9,1,setahun lalu,Ya,"Ga worth it makan dstu .. ikan bisa sehrga kepiting, Udh mau makan ank sy hmpir ketabrak grgr parkir pd g bener dsna. Semua hrga mnuman rata2 25.000 .. …",Negatif,"Produk/Makanan, Fasilitas/Parkir",Tinggi
I Putu Wiraguna,Ya,128,5,4 tahun lalu,Ya,"Tempatnya sepi sebelum makan malam, sambelnya enak banyak macamnya, pedasnya bisa di atur dan rekomended kalau suka pedes.",Positif,"Produk/Makanan, Suasana/Tempat",Rendah
Kaito Yuki,Bukan,1,1,10 bulan lalu,Ya,"Ayahku tiba² kangen makan di Padin ini, karena dulu banget sering makan di sini. Dikira harganya paling sekitaran 250k kayak makanan pinggir jalan lainnya, tapi ga nyangka hampir setengah juta begini 😂 Mohon maaf ga bermaksud jelekin tapi …",Netral,Harga,Rendah
Ulfa Aliyah,Ya,20,1,4 bulan lalu,Tidak,"HARGANYA MUAHAL, TDK BOLEH LAGI BAWA AIR DARI LUAR... EEHH KENA PAJAK LAGI,KITA YG BAYAR PPN NYA 10%.",Negatif,Harga,Sedang
Weda Pramana,Ya,14,1,7 bulan lalu,Tidak,"Makananny b aja tp harganya selangit,harusny kalo harga segitu sudah ber ac tempatny dan mewah,tp tempatny kyk warung biasa,kaget bgt,buat teman teman jgn makan disini kl ga mau makanan b aja harga selangit ke tujuh. …",Negatif,"Produk/Makanan, Harga",Sedang
m ade afriandi,Ya,191,5,4 tahun lalu,Ya,Rasanya kurang lengkap kalau ke Kota Surabaya ga mampir Padin Ikan Goreng-Bakar...apalagi malam hari makan Ikan Bakarnya dan sambal hangat pedasnya bikin nagih...good pisan lah,Positif,Produk/Makanan,Rendah
Memed Jack Jamhari,Ya,834,3,Diedit 4 tahun lalu,Ya,"Wow keren.... Sambelnya nendang 11 point. Bebekny kurang renyah....3.2 dr skala 4, Kebersihan 2.65 dr skala 4. …",Netral,Produk/Makanan,Rendah
Aulia Safitri,Ya,10,1,3 tahun lalu,Ya,"Pertama kali nyoba Padin dengan ekspektasi lumayan tinggi karena pernah direview oleh salah satu food vlogger. Menu yg kami pesan waktu itu adalah 2 porsi ayam kampung bakar + sambal + nasi, 2 es teh, dan 1 krupuk udang dengan total harga …",Netral,"Produk/Makanan, Harga",Rendah
Sandhy Agustiawan,Bukan,1,1,setahun lalu,Ya,"Rasa : biasa Harga : 3x lebih mahal dr yg d dapat Buat mendang mending sebaiknya jgn kesini, karena tidak ada harga dibuku menu, nasi putih 1 porsi aja 13 rb....",Negatif,"Produk/Makanan, Harga",Sedang
Emi Sinta,Bukan,3,1,setahun lalu,Ya,"Baru pertama kesini, nyesek sm hrg nya, saya pikir lauk udah include nasi sambal, ternyata dihitung sendiri"" wkwk.. ga worth it pol.. AWAS KETIPU, kayaknya yang makan disini rata"" org baru pertama, dimenu jg tidak ada harganya mungkin udah diseting seperti marketing nya",Negatif,Harga,Sedang
Nindi Sulistya,Bukan,3,1,7 bulan lalu,Tidak,"Harganya gak masuk akal Blas, kerapu 1 ekor kecil 280rb Kalo mau jual yg logis dikit ngasih harga,bukan krn gak mampu bayar ato gimana …",Negatif,Harga,Sedang
Muhammad Jafar,Ya,14,1,2 tahun lalu,Ya,"Super duper mahall...Makan berdua, habis 136rb Ayam bakar : 37rb x 2 Tempe : 1rb x 2 …",Negatif,Harga,Sedang
mustika Sarirusli,Bukan,7,5,5 bulan lalu,Tidak,"Jalan2 kesurabaya, nyoba makanan di warung padin. Masyaallah. Pas di makassar kepengen lagi . Se enak itu 🥰. Kl k surabaya pst ttp singga ke sini. …",Positif,Produk/Makanan,Rendah
Ika Utami Wahyu Ningsih,Ya,132,5,3 tahun lalu,Ya,"Cocok untuk penggemar ikan bakar/goreng.. Ada ikan gurame, ikan kakap merah/putih dengan pilihan sambal tomat, sambal petis (terfavorit), sambal bawang, dll …",Positif,Produk/Makanan,Rendah
Andrew Win,Ya,336,3,8 tahun lalu,Ya,Yang menjadi keunggulan ditempat ini adalah buka 24 jam. Rasa nya biasa saja dengan tarif yang amboii mahalnya. Tapi tempat ini selalu menjadi tujuan warga ibukota yg berwisata di surabaya. Its call goodwill dude,Netral,"Produk/Makanan, Harga",Rendah
Wildhan Abiyyu,Ya,23,5,setahun lalu,Ya,ANEH‼️ Makanan dan sambal seenak ini kok bisa rating dibawah 4. Nyesel ke Surabaya ga makan disini,Positif,Produk/Makanan,Rendah
Sely Tan,Bukan,8,1,7 bulan lalu,Ya,ga worth it bangett. Rasanya juga ga enak enak banget. Kamar mandinya perlu di renovasi sihh. Hmm,Negatif,"Produk/Makanan, Fasilitas/Parkir",Sedang
Ell Faro,Bukan,5,1,2 bulan lalu,Ya,Kapok pertama dan terakhir harga tidak sesuai dengan apa yg ada di tkp kebangetan sii,Negatif,Harga,Sedang
Lontis Dirgantara,Bukan,3,1,2 tahun lalu,Ya,"Gila si ini, sekelas McD aja makan banyak ga sampe 100k,eh ditempat ini aku dgetok harganya,paru sekecil itu satu tuusk 48k,ayam sekecil itu 33k,dan nasi ,sambel tempe harga terpisah ,bukan masalah kaum mendang mending ya guys,tapi ini …",Negatif,"Produk/Makanan, Harga",Sedang
Christin Br.Siagian,Ya,25,4,4 tahun lalu,Ya,Enakk sambalnya top deh deh.. cuma utk pelayan nya diharapkan pake masker jg dong. Kan msh pandemi... tempatnya jg smoga bisa lebih bagus lg biar lebih nyaman,Netral,"Produk/Makanan, Pelayanan/Staf",Rendah
Fathin Fahira,Bukan,5,1,2 tahun lalu,Ya,muahal bangett. noted ya! jadi kalo kesini makan bertiga siap uang 300k+ . padahal cuma makan udang ayam sama ikan aja :) . minumnya pun air dingin. habis 340ribu. B BANGET!!,Negatif,Harga,Sedang
Maseka Jogja,Ya,150,4,3 tahun lalu,Ya,"Jalan jalan ke jogja bersama kami @Jogja_baguus 082 242 668 419 Padin, …",Netral,Lainnya,Rendah
ocal Sophan,Ya,766,1,2 tahun lalu,Ya,"Rasa enak, tempat tidak terlalu bersih, pelayanan cepat. Sayangnya, di menu tidak ada harga.. dan harganya tidak masuk akal untuk lokasi …",Negatif,"Produk/Makanan, Harga",Sedang
Kautsaria Trilaksono,Ya,77,5,7 tahun lalu,Ya,"Salah satu warung makan legendaris di Surabaya, buka 24jam dengan beraneka ragam pilihan lauk. Sambel ulek pedesnya the best. …",Positif,Produk/Makanan,Rendah
Johanes Paulus,Ya,571,1,7 bulan lalu,Ya,makanan biasa saja relatif mahal dibandingkan rasanya,Negatif,"Produk/Makanan, Harga",Sedang
Andung Luwihono,Ya,44,5,setahun lalu,Ya,"Rumah makan buka 24 jam, macam-macam sambel tersedia",Positif,Produk/Makanan,Rendah
pramesheila ayu,Bukan,5,2,2 tahun lalu,Ya,"Tidak buat balik lagi, karna harganya bukan untuk penyetan kaki 5.. Mending sekalian makan di mall😓 430rb untuk 3 orang dengan masih ada pengamen mampir, pedagang mampir.. tidak …",Negatif,"Harga, Suasana/Tempat",Sedang
Ayang Aidila,Bukan,3,4,setahun lalu,Ya,"Secara makanan enak dan nyaman cuma kurang bersih aja dari toilet nya harus nya bisa lebih bersih lagi dari sisi tempat nya,,",Netral,"Produk/Makanan, Suasana/Tempat",Rendah
budi panji,Ya,292,2,6 tahun lalu,Ya,"Sangat mahal untuk kaki lima,rasa makanan biasa,sambal juga biasa,sekedar saran untuk pengelola agar menu dan harga di display di area",Negatif,"Harga, Produk/Makanan",Sedang
Richie Kentank,Ya,37,4,4 tahun lalu,Ya,"Enak, tapi lumayan Mahal, 1 ekor ikan Kakap goreng harga nya 100 rb, nasi putih 7 rb, es jeruk 18 rb. Jadi buat kalian yg mau kesini, jangan kaget ama harganya. Atau mending tanya dulu harga nya",Netral,"Harga, Produk/Makanan",Rendah
Uba Rahmat Setiawan,Ya,1208,5,7 tahun lalu,Ya,"Ikannya segar dan sambal mentahnya mantap abis, pokoknya kalau ke surabaya pasti mampir sini lagi",Positif,Produk/Makanan,Rendah
Muhammad Al fatih,Bukan,1,1,7 bulan lalu,Tidak,"Sumpah q nyesel makan siang disini, AQ fikir seperti di kota q, karena tempatnya tidak terlalu wah, biasa saja, ternyata mahal bangeet, jeruk hangatnya 27k, nasi 17k, menu tidak ada harga, cukup sekali saja ezt,",Negatif,"Harga, Produk/Makanan",Sedang
Effa Riva,Ya,188,3,7 tahun lalu,Ya,"Mknannya enak siih..mantap smbelnya bkin jontor.. cm kurang byk variasi ikannya,seandainya ada ikan pe,nila,lele dll psti sempurnaahh...buka 24jm loo jd bs mkn kpnpun bila laper dtg..cuuzz",Positif,Produk/Makanan,Rendah
Hahang Dwinanda,Bukan,6,2,setahun lalu,Ya,"Wakakakak... Baru baca review pas sampe rumah, lha kok banyak yg mirip... Dari dulu pas masih tenda, pilihan lauk masih jejer2 banyak, memang mahal disini. Sekarang sdh beda, Pilihan lauknya berkurang... Harganya jadi muuwaahal wakakakak... Kok aku ga baca review pas mo kesini to... 😄 Tau gitu ke mak yeye aja... …",Negatif,"Harga, Produk/Makanan",Sedang
Nur Hidayat Adi,Bukan,6,3,4 tahun lalu,Ya,Menu - Ikan Segar Gurame -+@105k - Ayam …,Netral,Produk/Makanan,Rendah
Guss Prams,Ya,51,5,2 tahun lalu,Ya,"Yg hobi sambal terutama sambal penyet sangat recomended, ada berbagai jenis samabal, buka 24 jam, ada ikan, ayam, udang, cumi..",Positif,Produk/Makanan,Rendah
Bambang Trenggono Muhammad,Ya,14,1,Diedit 6 tahun lalu,Ya,Gila aja makan bebek bakar yg ga ada empuk2nya harganya 70 ribu itupun ga nyediain nasi uduk. Es jeruk 20 rb sendiri padahal ga ada es dan disajiin pake plastik. Udah gitu tempatnya jorok banget ga ada bersih2nya.,Negatif,"Produk/Makanan, Suasana/Tempat",Sedang
DeviKS,Ya,338,4,3 tahun lalu,Ya,Banyak pilihan lauk..bisa dibakar atau digoreng. Sambal bisa pilih pedas/sedang...sambal tomat/terasi.,Positif,Produk/Makanan,Rendah
Agus Priambodo,Ya,463,3,7 tahun lalu,Ya,"Rasa lumayan, tempatnya luas, kebersihan cukup, lokasi strategis dekat pasar Blauran. Sayangnya menurut saya harganya cukup mahal untuk kelas depot seperti di Padin …",Netral,"Produk/Makanan, Harga",Rendah
Indah Ternate,Bukan,6,1,4 bulan lalu,Ya,"Tele, rasa ny g ikhlas bayar makanan mahal kyak gtu, g berkah kalian ksih makan klrga kalian",Negatif,"Harga, Produk/Makanan",Sedang
Josephine Kusumo,Ya,543,3,7 tahun lalu,Ya,"Enak sih sambelnya, ikan gurami juga ga bau tanah, TAPI terlalu over price untuk sekelas rumah makan yang seperti itu, tempatnya kurang bersih juga. Mahal karena Uda banyak artis yang datang, hati2 juga bagian kasir suka ngawur hitungnya",Negatif,"Produk/Makanan, Harga",Sedang
Cicilimut Cemutz,Ya,58,4,4 tahun lalu,Ya,"Banyak pilihan, tempat luas. Cuma harganya ya gitu. Ada rasa ada harga . Hehe",Netral,"Harga, Produk/Makanan",Rendah
Bulan Danmatahari,Bukan,4,1,sebulan lalu,Tidak,Harga mahal rasa lumayan aja. Dzalim banget.,Negatif,"Harga, Produk/Makanan",Sedang
Argia Dwi,Bukan,1,3,setahun lalu,Ya,"pertama dateng biasa aja ngiranya budget 30an bisa lah ayam ama es soalnya dari tampilan tempatnya mnurut saya memang biasa aja -dapur terlihat kotor,ditengah makan kepolah saya kok bnyk foto artis cari di tiktk ehh langsung muncul komenan …",Negatif,"Suasana/Tempat, Produk/Makanan",Sedang
Azhar Maulana,Ya,32,1,7 bulan lalu,Tidak,Makanya ga nyantumin harga anjir bgt wkwkwkw😮💨😮💨 MAHAL BANGETT mending cari Penyetan lain deh yang masuk akal harganya🤨 …,Negatif,Harga,Sedang
Liki Triwijaya,Bukan,50,5,7 tahun lalu,Ya,"Buka 24 jam, harga lumayan agak mahal, menurut orang Surabaya klo ke Surabaya harus makan disini. Sebenernya kayak lesehan bebakaran biasa, cuma ini buka 24 jam. Ada gurame, bebek, pete, dll. Porsi nasi banyak.",Netral,"Harga, Produk/Makanan",Rendah
Indah Ariana,Ya,163,5,setahun lalu,Ya,"Agak pricey, tapi enak . Gmn dong wkwk",Positif,"Harga, Produk/Makanan",Rendah
Ida Zulfah,Ya,11,2,3 tahun lalu,Ya,"Rasane biasa ae..regone beneran bikin melongo, makan ber 3 (2 ikan + 1 ayam + 3 minuman ) byr seharga 1 malam utk hotel sebelah 😱😱😱 sampe taktanya ulang ini harga beneran apa salah denger..oww tyt apa Krn bawa travel bag tau dr luar kota ya …",Negatif,"Harga, Produk/Makanan",Sedang
rian wahyu,Ya,54,4,9 tahun lalu,Ya,ramai berkunjung sebagai wisata kuliner malam hari...katanya salah satu wisata kuliner wajib malam hari kalau berkunjung ke surabaya...sambelnya mantapp bikin keringetan..menu lengkap dari ayam sampai ikan...bisa dibakar atau di goreng..es tehnya itu sejimbeng gede banget..bikin puas,Positif,Produk/Makanan,Rendah
Zuhrotul Laila,Bukan,2,1,2 bulan lalu,Tidak,"Rasa tdk enak, harga mahal banget. Cukup sekali",Negatif,"Produk/Makanan, Harga",Sedang
Liza M,Ya,30,3,8 tahun lalu,Ya,"Lapar malam di surabaya? Ga usah khawatir langsung samperin aja warung padin bebek 24 jam. Modelnya kaya warung nasi uduk di jakarta yg buka malam. Pilih makanan mulai dari ayam, babat, ikan, udang, tahu, tempe dll lalu bayar dikasir plus …",Positif,Produk/Makanan,Rendah
gepenk DOHC,Ya,8,1,10 bulan lalu,Ya,"hati"" yang mau makan disini harga terlalu overprice untuk sekelas kaki 5",Negatif,Harga,Sedang
Ardhy*,Ya,21,5,4 tahun lalu,Ya,"Wah..fav banget nih kalo balik dr club pasti mlipir kesini dulu, makanannya lumayan, sambelnya mantul, pelayanan cepet sat set sat set..😁, bersih, nyaman buat berbagai kalangan 👍 …",Positif,"Produk/Makanan, Pelayanan/Staf",Rendah
Amelyst Sandriana (Amel),Ya,36,3,Diedit 2 tahun lalu,Ya,"Lalapan atau penyetan yg mahal, tapi sambelnya enakk. Kesini kalo ada duit lebih aja 😄😄😄 Overpriced kalo untuk penyetan. …",Netral,"Harga, Produk/Makanan",Rendah
Anisa R. Ramadana,Ya,64,5,7 tahun lalu,Ya,"Tempatnya nyaman, lumayan bersih. Harganya sih mahal tapi rasanya bolehlah bagi yang suka pedes.",Positif,"Suasana/Tempat, Harga",Rendah
Adam Verdian,Ya,62,1,setahun lalu,Ya,"Kemahalan, gak masuk akal, rasa biasa aja. Spesialnya cuman bisa pilih sambal.",Negatif,"Harga, Produk/Makanan",Sedang
Ri Yanto,Bukan,3,1,8 bulan lalu,Tidak,Maaf kita juga owner kuliner juga tapi ya ngk segitunya Mau udah pernah disinggahi artis atau yg lain Harga ngk masuk akal …,Negatif,Harga,Sedang
Niken Kiss,Ya,65,1,6 tahun lalu,Ya,"Gatau lagi dah aku syok kali pas bayar 🤣 bebek jg g gde , kasinann kali pdhl aq org yg suka asin tp mnrt ku bebek nya bner2 asin, ya kali nasi aja 7rb esteh 8rb bner2 deh ngrjain org. Masakan b aja ,mlah lbh enk d cabang purnama (warung …",Negatif,"Harga, Produk/Makanan",Sedang
Ridolf Silaen,Bukan,2,3,2 bulan lalu,Tidak,Rasa ya tergantung selera tp harganya melebihi bintang 5,Negatif,"Produk/Makanan, Harga",Sedang
aris hermawan,Ya,260,2,6 tahun lalu,Ya,"Gorengnya terlalu kering, jdi keras, bumbu kurang merasuk Harga tdk sesuai rasa",Negatif,"Produk/Makanan, Harga",Sedang
Indri Aprilya,Bukan,1,1,8 bulan lalu,Tidak,"Harganya super gak ngotak makan ber 5 abis 980.000 mending makan di layar gurami bakar 250.000, trs ikan bawal 330.000 mohon di kasik harga lama2 bisa tutup itu",Negatif,Harga,Sedang
Neny Haryun,Ya,40,3,7 tahun lalu,Ya,"Tempat makan Penyetan , di Sby. Banyak pilihan lauknya (baik goreng maupun bakar) dan juga buka 24 jam. Harga cukup mahal sih.. set porsi sperti di foto ini, 110rb. Saran saya, utk yg lagi ""kanker"", tanya dulu harga laukny, baru pesan..hehehe... :)",Netral,"Produk/Makanan, Harga",Rendah
Venda Intan,Ya,121,4,6 tahun lalu,Ya,Yang makan di sini pasti keturunan sultan. Harga pricey tapi tempat ini iconic di Surabaya. Bahkan artis banyak yang mampir kemari. Untung sambelnya wenak.,Netral,"Produk/Makanan, Suasana/Tempat",Rendah
Eka Mangundikaryo,Bukan,2,1,setahun lalu,Tidak,"Dengan sungguh2 sy sarankan jangan makan disini. Harga mahaal utk ukuran pinggir jalan. Rasa juga ga istimewa. Tempat tdk bersih, dapur kotor . Rumah makan ini bisa diblg penipu, bebek sinjay saja makan berdua sdh komplit dgn bebek,nasi,sambal cuma 70rb. Di sini bisa 250rb.",Negatif,"Produk/Makanan, Suasana/Tempat",Sedang
edwp,Ya,85,5,setahun lalu,Ya,Cocok untuk yang lapar subuh². Buka 24jam. Goreng nya kering & gurih. Sambal nya oke,Positif,Produk/Makanan,Rendah
gratia santoso,Ya,67,3,4 tahun lalu,Ya,"Lokasi mudah dijangkau, pilihan menu ada ayam, bebek, ikan gurame, udang, paru, ati ayam, tempe, tahu. Sambal beragam, porsi nasi cukup, tdk ada AC hanya kipas, lokasi cukup, pelayanan cepat, yg minus HARGANYA MAHAL….menurut saya kurang …",Negatif,"Produk/Makanan, Pelayanan/Staf",Sedang
Kevin Jehezkiel Muntu,Ya,23,1,3 bulan lalu,Tidak,"mahal banget yaoloh, bismillah semua Bebek Ayam milik Allah",Negatif,Harga,Sedang
black boy white boy,Bukan,100,1,9 bulan lalu,Tidak,Hati hati kalau mau makan disini nasi nya 43.000 Nasi doang 25.0000 …,Negatif,"Produk/Makanan, Harga",Sedang
Anang Ma'ruf,Bukan,1,1,7 bulan lalu,Tidak,"sangat kecewa, katalog harga seharusnya tertera daftar menu dan harga, melihat lokasi tempat dan harga sangat tidak wajar. sangat tidak recomenn!!! harga terlalu mahal ga sesuaii!! 👎👎 …",Negatif,Harga,Sedang
Yanis Shabrina,Ya,25,1,11 bulan lalu,Tidak,Penyetan di surabaya yg harganya muaahaal bnget.. cukup sekali aja kesini .. nasi putih 14.000 sepiring . Ayam greng 45 rbu.. …,Negatif,"Produk/Makanan, Harga",Sedang
Fatma Laila Agustin,Bukan,1,1,setahun lalu,Tidak,"Luaraang ciiok.. ga umum, aku suka makan makanan mahal, tapi dengan sekelas WARUNG PINGGIR JALAN iku ga umum . Kebetulan hari ini tanggal 9 Juli 2025 jam 19.00 . td pesan : …",Negatif,"Suasana/Tempat, Harga",Sedang
heiddy taka,Ya,23,1,5 tahun lalu,Ya,"ikannya uda basi, baunya ga enak dagingnya uda hancur. tp tetep masih dijual. waktu dikasih tau baik-baik ke pemiliknya ga mau minga maaf. malah berkilah kalau bau ikan air laut memang baunya begitu. dia ga tau saya ini dr papua yg tiap …",Negatif,"Produk/Makanan, Pelayanan/Staf",Tinggi
Vanessa Ziandry,Bukan,11,1,10 bulan lalu,Tidak,Ditanya harga tidak jawab Nasi putih di tempat lain bisa dapat 3 porsi di sana cuma 1porsi Es jeruk 27rb …,Negatif,"Produk/Makanan, Pelayanan/Staf",Sedang
tahu ponk,Bukan,1,1,3 bulan lalu,Ya,"hambar, cukup sekali aja. thx.",Negatif,Produk/Makanan,Sedang
tri sutrisno,Ya,123,2,6 tahun lalu,Ya,"Dari jaman dulu ""Padin"" emang mahal bngetz klu hrg g sesuai sm besar ikannya, ntuk rasa jg biasa ja kyak warung tenda pinggir jln malah lbih enak cuman menurut sy sambelnya ja yg klu suka pedes bisa di ulang, dg brjalannya waktu padin g …",Negatif,"Harga, Produk/Makanan",Sedang
Arnold Suwignyo,Ya,35,2,2 tahun lalu,Ya,"Luar biasa mahal, babat 1 tusuk 48rb, lebih mahal dari bebek nya.... Teruskan saja lama2 kalau tidak sepi pembeli.... Hahahaha",Negatif,"Harga, Produk/Makanan",Sedang
RG Channel,Bukan,4,1,11 bulan lalu,Tidak,"Hati2 untuk makan disini, dri awal masuk udh curiga soalny ga ada list harganya dan langsung disuruh milih ikan.. langsung saya curiga dan milih menu yg sekiranya murah, dan bener untuk 1 ekor lele harganya 18rb nasi 13rb bebek paha 45rb nasi 13rb, ws mega mendung 23 rb dan untuk es teh 15rb",Negatif,Harga,Tinggi
Biji Pete,Bukan,1,1,setahun lalu,Ya,"udang 4 biji 1 tusuk kecil kecil 48 ribu, sate usus satu tusuk kecil kecil 40 ribu????? 😂😂😂😂😂😂😂😂😂 ownernya kebelet naik haji kayaknya 👍👍👍👍👍👍 …",Negatif,Harga,Tinggi
My_omik,Ya,30,1,setahun lalu,Tidak,"Makan bebek 2 + nasi + es jeruk habis 175.000 Dari awal gak dikasih tau harganya, waktu minta daftar hrga gak ada Kebanyakan hanya datang sekali besoknya engga …",Negatif,Harga,Tinggi
Alifiah Putri,Ya,22,1,10 bulan lalu,Tidak,"Pertama kali makan disini dapat experience ga enak udah makanan mahal banget ga masuk akal, laletnya banyak banget udah gitu dilayani jutek sama terburuk buru harusnya pelanggan dapat pelayanan terbaik tapi dilayani dengan tatapan sinis, harga 1 ekor dorang 260k rasanya ga masuk akal di tempat seperti itu",Negatif,"Harga, Pelayanan/Staf",Tinggi
Dhany arie wibowo,Ya,197,5,8 tahun lalu,Ya,Banyak pilihan menunya...sayang bakarnya ikannya uda digoreng dulu dan adem.,Negatif,Produk/Makanan,Sedang
Danuari Sadewo,Bukan,6,1,setahun lalu,Tidak,"Kapok makan disini. Saya bukan mau menjelekkan depot ini, tapi inilah kenyataan yang saya dapatkan. …",Negatif,Pelayanan/Staf,Sedang
Cristian Abraham,Bukan,2,1,7 bulan lalu,Tidak,Aku pernah beli waktu beli nasi kepala bebek dan ternyata isi kepala bebek masih belum di bersihkan dan aku tidak nafsu makan seketika juga jadi aku buang nasinya tidak habis,Negatif,Produk/Makanan,Tinggi
Kak Mayy,Ya,77,3,8 tahun lalu,Ya,"Sambelnya pedas sekali dan mantap, harga menu variatif tergantung pilihan namun cukup mahal, kurang higienis, lokasi becek kalau hujan...",Negatif,"Produk/Makanan, Harga",Sedang
Cmikhayla J,Bukan,7,1,setahun lalu,Tidak,"Terlalu MAHAL untuk ukuran tempat makan yang sederhana , dan sekotor ini.1 ikan nila bakar berat yg katanya 5 ons 240rb, 1 paru tusuk 48k, 1 bebek goreng 45k, ayam goreng 34k, jeruk hangat 27k, nasi putih 13k. Lebih MAHAL drpd resto ternama yg nyaman dan ber ac. Rasa juga biasa saja. Nimbang ikan juga tdk transparan didepan tamu.",Negatif,"Harga, Suasana/Tempat",Tinggi
NOVI RISYAHANI,Ya,86,1,setahun lalu,Tidak,"Tempat makan orang kaya. Kalo ga banyak duit jangan kesini. Rasa masakan juga yaa begitulah...Yg katanya resto,tp lebih cocok d sebut warung.Buat yang nanggung2 mending ga usah kesini. Harganya juga gak di cantumin. Es jeruk Rp 25.000/ gelas.",Negatif,"Harga, Produk/Makanan",Sedang
Victor Wardhana,Ya,471,3,6 tahun lalu,Ya,"Cukup lumayan untuk bawa keluarga, tamu, dll... Pelayanan ramah & cepat, harga lumayan mahal utk sekelas sambelan... Usulan saja... Seharusnya dipasang daftar harga spy para pembeli tahu serta bisa menyesuaikan budget utk makan...",Positif,"Pelayanan/Staf, Harga",Rendah
Meilanda Eka,Bukan,9,1,setahun lalu,Ya,"Cukup sekian dan tidak mau lagi. Semoga ga banyak yg ketipu sama harganya. Tempatnya ga bersih, dan harga menjebak. Harap Hati Hati ya guys",Negatif,"Harga, Suasana/Tempat",Tinggi
Panembahan Senopati,Bukan,1,1,setahun lalu,Tidak,Terlalu mahal ikan kakap perkilo 45 nimbangnya tidka transparan Bebek 45 ribu Ayam 34 ribu …,Negatif,"Harga, Produk/Makanan",Sedang
shelby dwi bakti,Ya,8,5,10 bulan lalu,Tidak,"Sambalnya memang the best dan ngangenin, soal lauk pauknya ya krg lebih sama saja dengan warung lalapan lainya, pelayanan biasa saja ala warung,beberapa harga menu lebih tinggi,tp gpp sambalnya yg bikin beda,cuma tempat warungnya terlihat …",Netral,"Produk/Makanan, Harga",Rendah
InDjee Mo,Ya,106,5,6 tahun lalu,Ya,Enaaque.... Suka sambelnya juara!!! Yang pedesnya medium enak banget... Yang pedesnya level2an tantangan!!! ... The best! Pengen lagi ke Surabaya mampir ksinihh,Positif,Produk/Makanan,Rendah
Josephine Maria,Bukan,3,1,setahun lalu,Tidak,"wkwkwkwkw Sekedar coba2, ternyata harganya GAK NGOTAK, tidak sesuai dgn lokasi dan suasana. Ini bukan di resto atau mall, tapi WARUNG PINGGIR JALAN yang maaf TIDAK …",Negatif,"Harga, Suasana/Tempat",Sedang
Agung Waskitho,Bukan,5,1,setahun lalu,Tidak,"Kalau duitnya pas pasan mending jangan kesini. Dan saya sepertinya ga mau kesitu lagi. Overprice menurut saya sbg kaum mendang mending, rasa standar kayak penyetan pinggir jalan, tapi sambalnya oke lah. Moso rek, nasi putih 13rb, sate paru 48rb, sate babat 48rb",Negatif,"Harga, Produk/Makanan",Sedang
Rima Titianingtyas,Ya,154,4,8 tahun lalu,Ya,"padin tmp makan yg buka 24 jam dengan sambelnya yang terkenal pedas dan gutrih itu, hanya saja waktu kesana ikannya bau tanah hehe",Netral,Produk/Makanan,Sedang
Arfani,Ya,111,3,Diedit 5 tahun lalu,Ya,sambelnya mantap. rasa masakannya biasa. harga cenderung mahal. Klo makan disini makan didalam aja guys soalnya klo di luar banyak tikus & kecoak 😫 …,Negatif,"Produk/Makanan, Harga",Tinggi
Fahad mumtaz,Ya,162,2,setahun lalu,Ya,"Kemahalan, gak worth it, mending cari yg lain",Negatif,Harga,Sedang
ce chaca,Ya,23,5,8 tahun lalu,Ya,Sambal mantap.. Banyak yang bilang mahal..hehehhehe 24jam nonstop... Tapi tetep pilihan keluarga saya nie kalo mau lalapan pas ke surabaya...,Positif,"Produk/Makanan, Harga",Rendah
ana susanti,Ya,70,4,3 tahun lalu,Ya,"Penyetan sultan, harganya wooww tapi rasanya juga wow. Sambelnya paling juara apalagi yang pencit pedasnya minta ampun.",Positif,"Produk/Makanan, Harga",Rendah
Widji Hadi,Bukan,2,1,10 bulan lalu,Tidak,"Kapok & tidak akan makan di tmp ini lagi . . . Mending di ikan bakar cianjur selain harga lebih murah dari tmp anda tempatnya juga bersih,pelayanannya top markotop . . . Cukup tau & kapok pok makan ditmp ini🤣😁🤣 …",Negatif,"Harga, Suasana/Tempat",Sedang
Falcobi Internusa,Ya,20,2,10 bulan lalu,Tidak,"Mahal banget makan disini, kaget banget nasi harga 14rb, bebeknya mahal, ikan mahal. Pesan bebek 2, ikan 1, nasi 3, udang 1, minum 3 total 600rban. Ngak salah kah harganya..",Negatif,"Harga, Produk/Makanan",Sedang
Riasyatul Aulia,Ya,30,4,8 tahun lalu,Ya,Makanannya lumayan. Tapi kebersihan perlu ditingkatkan karena saat saya memesan ada seperti serabut tali rafia dalam estehnya,Negatif,Produk/Makanan,Tinggi
yuli fitrianah,Bukan,10,1,setahun lalu,Tidak,Mahal bgt hrgax...daftar manu tnpa di sematkan harga...makan ber 2 habis 150rb-an..makan nasi bebek + nasi lele + 1 es teh + 1 es jeruk ...pas di cek es teh 13rb + es jeruk 25rb ..lgsg shock 🤣🤣🤣 …,Negatif,"Harga, Produk/Makanan",Sedang
Ambar Kusumo,Ya,29,4,7 tahun lalu,Ya,Enak dan cepat penyajiannya tapi sayang mangkok utk cuci tangan pakai plastik di ganti dgn stenlis ya👍👍 …,Positif,"Pelayanan/Staf, Fasilitas/Parkir",Rendah
Rock to the Sand,Bukan,5,1,4 bulan lalu,Tidak,Jangan guys sumpah mahalnya bnrn yg MAHAL dan makanannya b aja,Negatif,"Harga, Produk/Makanan",Sedang
Fitriana Lestari,Ya,9,5,5 tahun lalu,Ya,"enak paru gorengnya .. tempat nya ramai , karyawannya pakai masker. agak mahal sih , tapi ok lah ..",Positif,"Produk/Makanan, Harga",Rendah
Vista Surya Nilawati 25,Bukan,2,1,setahun lalu,Tidak,"Baru kali ini kasih ulasan , shock banget makan berdua sama suami habis hampir 300rbu.an . Gila banget harganya nggak masuk akal . Sate babat satunya 48rbu , dan untuk rasa biasa aja sih menurutku . Kapok dah nggak lagi² makan disini kalo …",Negatif,"Harga, Produk/Makanan",Sedang
MF Bd,Bukan,12,1,setahun lalu,Tidak,"Harga gak ngotak, 2x lipat harga normal warung pinggir jalan pada umumnya, tempat jorok,panas,berisik. Gak worth it, mending sekalian makan di resto kalau harganya mahal kayak gini",Negatif,"Harga, Suasana/Tempat",Sedang
Ainun Rosita Fardani,Ya,53,2,setahun lalu,Ya,"Pertama kali Culture Shock makan disini Mahal untuk warung pinggir jalan.. Ga habis pikir Es jeruk 25k, dan nasi putih 13k …",Negatif,"Harga, Produk/Makanan",Sedang
Hanifah Fitriya,Bukan,1,1,10 bulan lalu,Tidak,"Harga nggak masuk akal rasa b aja makan ber 4 habis 450 padahal lauk cuma lele, bebek, ayam 2 sm sate udang",Negatif,"Harga, Produk/Makanan",Sedang
Nancy Beauty Sugiharto,Ya,33,3,2 tahun lalu,Tidak,"Udah lama bgt gk makan ditempat ini dulu sering kesini pas harganya masih murah, mumpung lewat yaudah mampir buat bungkus 5 bebek paha yg saya pilih langsung. Trus bayarlah ke kasir habis 225.000 sambil dikasih notanya. Sambil nunggu …",Netral,"Harga, Produk/Makanan",Rendah
Sa Tria,Bukan,1,1,setahun lalu,Tidak,"Kapok... sekali aja makan disini. Harganya mehong. Masak 1 dada bebek , 3 tusuk sate babat es teh 2 nasi sambal 300rb. Mana ga kerasa bumbunya dan gorengnya kering banget smpai gigi sakit pas ngunyah . Gila2.. will never ever came again . Carane dodolan rego ky ngene cepet sugih e 😀😀 …",Negatif,"Harga, Produk/Makanan",Sedang
Dimas Arisandi,Ya,111,5,3 tahun lalu,Ya,Tempat bersih Pelayanan ramah Sambel terasinya super pedas mantab,Positif,"Suasana/Tempat, Pelayanan/Staf",Rendah
Novi Ria,Bukan,2,1,10 bulan lalu,Tidak,Ga enak. Mahal. Kalo beli di malam hari harga di kasi mahal. Ga sesuai SOP restoran.. Udah ga bersih pelayanannya,Negatif,"Harga, Pelayanan/Staf",Sedang
Septa Noprianti,Bukan,1,1,setahun lalu,Tidak,"KAPOK KE SINI, harganya gak masuk akal, makan berdua, udang 2 tusuk, telur goreng 1 porsi, 1 paha ayam goreng, sambal 2 cobe, 1 es jeruk yg kebangetan manis, harganya 300 kembalian 1000 rupiah. sy pergi gara2 pernah liat lewat di tiktok yg katanya langgan Charly ST12 klo ke surbya. NYESALL POKOKNYA",Negatif,"Harga, Produk/Makanan",Sedang
Haris Wahyudi,Ya,21,1,9 bulan lalu,Tidak,"Harganya mah kalah mahal Solaria, Rasanya? Enak pecel lele pinggir jalan. Awas, anda makan disini, siap² dirampok 🤣 Iya kalo enak, nah ini.... …",Negatif,"Harga, Produk/Makanan",Sedang
nis putri,Bukan,3,1,9 bulan lalu,Ya,"syokk bgt makan ber4 habisnya kyk lagi makan di tajmahal, thankyouu next",Negatif,Harga,Sedang
uwah yuni,Bukan,7,2,setahun lalu,Ya,"Termasuk mehong, prtm & ga akan ngulangi, awalx krn ingin mkn ikan gurami goreng, sm suami diajak ket4 langgananx, tp syg guramix lg hbs Jd cari t4 lain, ga liat ulasan² di google map dl coz suami sdh cpet² suruh …",Negatif,Harga,Sedang
email baruku,Bukan,3,1,6 bulan lalu,Tidak,Tempat kurang bersih. Harga wooww Es jeruk 27 ribu brooww,Negatif,"Suasana/Tempat, Harga",Sedang
sorina sonder,Bukan,8,1,setahun lalu,Tidak,"Pengalaman kuliner di padin surabaya, lalapan warung pinggir jln tp harganya bak restoran, kalo di Bali tempatnya sangat estetik & makanannya enak, spt bale udang bali dg harga semahal itu lbh worked, tp kok bs disini? Next time kami tak akan mkn ke padin bu dewi ahmad lg 👎🏿 …",Negatif,"Produk/Makanan, Harga",Sedang
Renky Liniaryadi,Ya,174,4,2 tahun lalu,Ya,Kalo bingung cari makan di tengah malem bisa ke sini.,Positif,Suasana/Tempat,Rendah
Adi Muhammad,Ya,142,4,6 tahun lalu,Ya,Rekomended buat kuliner pagi - siang - malem dgn menu hidangan maknyus 😁 …,Positif,Produk/Makanan,Rendah
YUMNA Afni,Bukan,2,1,setahun lalu,Tidak,"Gak recommend makan di sini, harganya mahal banget, makan berdua habis Rp 244.000. 1Gurame 120K, 1ayam kecil 33K, 1tahu 1K, terong 6K, 2jeruk nipis 50K, 2 nasi putih 24K, 1sambal 10K. Rasa makanan tidak istimewa, sambal nya dikit banget …",Negatif,"Produk/Makanan, Harga",Sedang
Kue Coklat,Bukan,8,1,setahun lalu,Ya,"Mahal bangett, harga nggak dicantumin tiba-tiba pas bayar udah 650k untuk 7 orang. Menurutku terbilang mahal kalo untuk kaki lima dan pinggir jalan, harga nggak dihitung per porsi tapi harga terpisah antara nasi, sambal, lauk, minum, bahkan …",Negatif,Harga,Sedang
Dekoraside,Ya,140,5,9 tahun lalu,Ya,"Pilihan banyak: ayam, gurami, dara, udang, cuma, lele , harga relatif... Wenakk",Positif,"Produk/Makanan, Harga",Rendah
Adi Rachmawan,Bukan,2,1,6 bulan lalu,Tidak,"Harganya mahal banget. MAHAL, MAHAL, MAHAL. Sangat tidak wajar dengan makanan seperti yang jual di pinggiran jalan.",Negatif,Harga,Sedang
Tyas Kusuma,Ya,20,5,7 tahun lalu,Ya,"Terbaik! Mayan mahal buat kantong anak kosan. Tapi emang eank bgt, sambel nya bikin dower, top lah!.",Positif,"Produk/Makanan, Harga",Rendah
dwih bermanfaat,Ya,513,4,2 tahun lalu,Ya,"Semua menu jumbo, rasa ok, pelayanan ok, parkir ok",Positif,"Produk/Makanan, Pelayanan/Staf",Rendah
Creative Smart,Bukan,5,1,9 bulan lalu,Tidak,Harganya ga ngotak. Sehat² ya yg punya🙏🏻 Semoga bisa awet lama warungnya🙏🏻 Moga berkah😇 …,Negatif,Harga,Sedang
Darmulyo,Bukan,4,1,setahun lalu,Tidak,Harga gak Masuk akal Tdk transparan Gak ada Daftar menu dan Harga …,Negatif,Harga,Sedang
Uswatul Elma Hafiati,Bukan,9,1,setahun lalu,Tidak,"Mahaal parah, ga worth it sama sekali dg tmpt dan rasanya yang B aja. Harga nya tdk transparan di awal.. Mikir2 kalau kesini.. …",Negatif,"Produk/Makanan, Harga",Sedang
devi Sarwono,Ya,325,5,3 tahun lalu,Ya,enak pecel nya...porsi nya lumayan byk... paru goreng nya enak...cm agak keras,Positif,Produk/Makanan,Rendah
Ferdian MJ,Ya,126,2,setahun lalu,Tidak,"Gila harganya wkwkwkkwwk, mungkin banyak foto artis, Gurami +- 300gr 120k 😜 Kl rasa sih ya sambelan seperti lainnya …",Negatif,"Produk/Makanan, Harga",Sedang
Tessa Melia,Bukan,11,1,setahun lalu,Tidak,"Makan ayam penyet doang harganya selangit, krupuk sedikit harganya 5rb pantesnya 3rb maksimal. pelayannya ga ada ramah sekali, kyk ga punya unggah ungguh, ngasih makan orang kyk ngasih makan kucing tinggal naruh aja langsung pergi ga ada …",Negatif,"Produk/Makanan, Pelayanan/Staf",Sedang
Hery Saputra,Bukan,6,1,Diedit 2 bulan lalu,Tidak,"Harga tidak masuk akal dan rasanya biasa aja. Resto lain dengan harga yg sama, kualitas dan rasanya lebih bisa diadu atau dibandingkan",Negatif,"Harga, Produk/Makanan",Sedang
Mamat Sakau,Bukan,5,1,2 tahun lalu,Ya,"Harganya bikin kaget ,masak Babat doang segitu 😭😭😭, ga worthit sekali iya ini pinggir jalan woy …",Negatif,"Harga, Suasana/Tempat",Sedang
wulan dwi cahyani,Ya,13,1,10 bulan lalu,Tidak,"Sumpah harganya gak masuk akal, sate udang 1 tusuk 40rb sih gokil bgtt, tempatnya jelek asli bnr” tertipu🫣🫣 …",Negatif,"Harga, Suasana/Tempat",Sedang
meutia sosiani,Bukan,2,1,setahun lalu,Tidak,"Tadi malam makan disini. Mahaal bangeet, ikan dorang bakar separuh beratnya 4 ons rp 190.000 belum termasuk sambal dan nasi. Tempatnya juga kurang nyaman seperti depot cuma luas. Pelayanan lamaa....tidak recomended pokoknya.",Negatif,"Harga, Pelayanan/Staf",Sedang
Nurdiana Srg,Bukan,9,1,setahun lalu,Tidak,"Hahaha baru td mlm kesini dan wow harganya melebihi restoran bintang 5 Udh tempat kotor rasa makanan biasa aja kumuh bnyak pengemis maksa luar biasa Nasi 13 ribu, udang 3 biji 40 ribu kakap 160 ribu Cukup sekian dan terimakasih kapok ngak mau lagi 👎👎👎👎 …",Negatif,"Harga, Suasana/Tempat",Sedang
juni suarnita,Ya,159,3,2 tahun lalu,Ya,"jujur makanan nya enak, sambal nya mantap cuma harga cukup mahal klo punya uang lebih boleh di coba lah",Netral,"Produk/Makanan, Harga",Rendah
nabil lukmana,Bukan,8,1,setahun lalu,Tidak,Mohon maaf mau info harga aja. Ayam 33ribu Bebek 48-50ribu …,Netral,"Harga, Produk/Makanan",Rendah
Rendy Susanto,Bukan,2,1,setahun lalu,Ya,"sate babat 48rb 1 tusuk , kakap kecil 120 rb",Negatif,"Harga, Produk/Makanan",Sedang
Kita Kepo Squad,Ya,7,1,2 tahun lalu,Tidak,udah 3 kali makan d sini. sumpah MAHAL BNGT bukan karna gua miskin ye.. tapi satu orng cuman makan ayam penyet aja bisa sampe 60ribu d tempat yg tergolong kumuh..masalah nya biasanya udah bayar mahal segitu saya dapet sambal cobek 2 biji …,Negatif,"Harga, Suasana/Tempat",Sedang
mr danel,Ya,25,4,4 bulan lalu,Tidak,"Selalu enak, but perlu lebih diperhatikan kebersihannya",Positif,"Produk/Makanan, Suasana/Tempat",Rendah
iman maulana,Bukan,5,1,setahun lalu,Tidak,"-Pelayanannya kurang ramah, baru sampai diburu"" suruh milih ikan padahal tidak ada antrian di belakang saya 😁. -Untuk tempatnya tidak terlalu bersih, makan di pinggir jalan tidak di restoran …",Negatif,"Pelayanan/Staf, Suasana/Tempat",Sedang
Sofia Mufridha,Bukan,1,1,setahun lalu,Tidak,"Rupanya ndak cuman sy,. Kenyataan muncul setelah dari kasir.. Cukup tau saja, n tdk rekom unt keluarga & kerabat.. …",Negatif,Harga,Sedang
Iwan Kurniawan,Bukan,3,1,setahun lalu,Tidak,HATI2 YG LAINNYA JANGAN SEKALI2 MAKAN DI PADIN TIDAK ADA DAFTAR MENU DAN HARGANYA HARGA MAHAL POOLL.....😫😫😫😫 1 gurami bakar + 2 nasi + sambel pencit + teh manis dan es jeruk Rp.2250.000 LEBIH LEBIH BAIK MAKAN IKAN BAKAR DI JALAN GENTENG KALI.....ENAKK..HARGA JAHU LEBIH MURAHH... …,Negatif,"Harga, Produk/Makanan",Tinggi
Hendra M.A.S,Ya,50,3,7 tahun lalu,Ya,Banyak pilihan menu ikan disana.. Goreng dan bakar. Tempat parkir ada. Akan tetapi harga nya agak mahal. Mungkin kalangan atas sekarang,Netral,"Produk/Makanan, Harga",Rendah
Eroll Gamel,Ya,6,1,setahun lalu,Tidak,"Cukup yakin ini scam. Mereka ngegetok harga dari sate satean, liat aja di aplikasi ojek online, sate satean sengaja tsb tidak dijual. Sate Babat 48 ribu (1 tusuk) lebih mahal dari bebek/ayamnya.",Negatif,"Harga, Produk/Makanan",Tinggi
Roy Wibisono,Ya,305,3,setahun lalu,Ya,Lokasi dan rasa biasa saja Harga bintang 5 .,Negatif,"Produk/Makanan, Harga",Rendah
ieeeutm 2021,Bukan,3,1,2 tahun lalu,Tidak,"Sudah banyak yang review, rasa ok sambal ok, tempat tidak terlalu bersih, harga mahal sekali untuk kelas non mall. Es teh 13rb, nasi 11rb, lele 1 ekor 18k...",Negatif,"Produk/Makanan, Harga",Sedang
nisrina nina,Bukan,7,1,setahun lalu,Tidak,"Menyesall, tampak luar seperti warung penyet biasa tapi harga mengalahkan resto. Tempatnya kotor, ikan ga ada bumbunya, hambar, sambel dikit, ga enak, harga menjebak",Negatif,"Produk/Makanan, Harga",Sedang
88 Spa and Massage,Ya,230,5,8 bulan lalu,Tidak,❤️🔥👌💯🔥 Tempat penyetan sesambalan yang ramai sekali.. Enak banget …,Positif,"Produk/Makanan, Suasana/Tempat",Rendah
Dodik Akhmad,Ya,26,1,setahun lalu,Tidak,"Sebenarnya gpp kalau mahal tapi fasilitas oke. Yang jadi kecewa itu mahal tapi fasilitas dan penampilan makanan sama kaya kaki5. Kalau modelan tempatnya kaya Ikan Bakar Cianjur gitu, masih masuk harganya.",Negatif,"Harga, Fasilitas/Parkir",Sedang
Sinchan Laros,Bukan,2,1,setahun lalu,Tidak,"Pertama masuk pilih menu (ikan bawal +/- 7 ons, 1 ptg bebek goreng, tahu, tempe, terong, pete dan es teh tawar+nasi 2 porsi). Banyak lalat hinggap. Rasa ikan hambar krn bumbu tdk meresap. Selesai makan menuju kasir dan membayar Rp 403.000,- Cukup sekali makan disana.",Negatif,"Produk/Makanan, Harga",Sedang
Shadiqy artib,Ya,319,5,5 tahun lalu,Ya,"Mantap, sambel pedes, harga murah, harus disinggahi oleh pecinta kuliner yg singgah di Surabaya.",Positif,"Produk/Makanan, Harga",Rendah
Nini Retno Wulan,Bukan,3,2,2 tahun lalu,Tidak,"Rasa BIASA aja ga ada yg istimewa. Tapi harganya ga masuk akal. Cukup sekali saja makan disini. Bebek 1, ayam 1, lele 2, tahu tempe, es teh, jeruk, es coklat bengbeng, terong total 225ribu!!! Harga segini lebih baik makan restoran!!",Negatif,"Produk/Makanan, Harga",Sedang
Stephanie Avila,Ya,36,2,setahun lalu,Tidak,"Serba asin,heran jg knp bnyk artis makan disini kcl hrg yg selangit,rasanya semua masakan asin.gurami grg kurus kering 115rb,sate babat tipis 1 tusuk 48rb,yg bikin melongo,nasi 13rb,berasa hrg makanan dihotel ..lol..iseng2 coba ya sdhlah …",Negatif,"Produk/Makanan, Harga",Sedang
rijal jalu,Ya,167,4,6 tahun lalu,Ya,"Saya sih suka makan di sini, walaupun harga memang agak mahal 😉 …",Positif,Harga,Rendah
Yulianti Pramono,Bukan,4,1,2 tahun lalu,Tidak,Sate cumi asin yg isinya cuma 5 biji kecil” 1 tusuk 40rb. Gk ada menu harga tiba” pas bayar makan nasi plus sate cumi 2 tusuk 114rebu. Rasa standar penyetan pd umumnya tapi harga astaghfirullah lah😂 buat menangis bs makan direstoran harga …,Negatif,"Produk/Makanan, Harga",Sedang
Teddy Lee,Ya,107,5,4 tahun lalu,Ya,"Pecel enak nih Sambel nya jg mantapp, sambel tomat nya sih asikk bgt...",Positif,Produk/Makanan,Rendah
Informatic UNIRA,Ya,113,4,7 tahun lalu,Ya,"enak.. tapi tempatnya, menurut saya kurang nyaman",Netral,Suasana/Tempat,Rendah
Made Aisyah,Bukan,6,1,setahun lalu,Tidak,Maaf review jujur ikan bakar guraminya tidak ada rasanya dan masih basah Sambal juga kurang enak Saya kira sekelas didatangin artis rasanya enak …,Negatif,Produk/Makanan,Sedang
Zamroni Fams,Ya,227,5,9 tahun lalu,Ya,Salah satu warung penyet yg buka 24jam di Surabaya. Meskipun harganya tidak bisa dibilang murah tetapi sudah terkenal banget di Surabaya,Positif,Harga,Rendah
Mohammad Ilham,Bukan,3,1,7 bulan lalu,Tidak,Menurut saya sih mending dilaporin resto ini biar tutup. Kalo ngga didoain yang punya biar tobat,Negatif,Lainnya,Sedang
Nardo Leo,Bukan,6,1,2 bulan lalu,Tidak,Ampun mahalnya ngalahin fine dining,Negatif,Harga,Sedang
Yusi Repelitawati,Bukan,1,1,setahun lalu,Tidak,"Mahal poll,,,,, nasi 4 ,gurami 1 ,kerapu 1,terong 2 ,tempe kecil2 4 , jeruk panas 2 ,es teh 2 Rp 488.000,,rasa biasa sj , ibunya yg jualin jutek banget ,tempat kumuh ,kapokk😓😡 …",Negatif,"Harga, Pelayanan/Staf",Sedang
Ratih Kampai,Bukan,6,1,setahun lalu,Tidak,"Seminggu yang lalu makan disini , sumpah kaget, makan bertiga habis 700 ribu, Nasi putih 1 porsi 10,000, udang 1 tusuk isi 3 hatganya 40,000, pdahal cuman di pinggir jalan aja, tmpt makan gak pake AC, ini harga berner2 ngasal, Mendingan mikir2 lagi deh makan disini",Negatif,"Harga, Suasana/Tempat",Sedang
Fajar Budi,Bukan,1,1,setahun lalu,Tidak,"Kalau Bebek harga segitu mah lumrah, ini good day harga 27 ribu. Mungkin good day nya ambil dari Jerman",Negatif,Harga,Rendah
albert yuwono,Ya,14,1,setahun lalu,Ya,"Pertama kali makan di tempat ini kaget dengan total harganya, salah nya di awal tidak tanya dulu harga per menu nya berapa karena tidak ada daftar Harga, pas bayar kaget dengan harga nya yang mahal tidak masuk diakal, pengalaman berharga dan tidak akan kembali lagi ke tempat makan ini",Negatif,Harga,Sedang
Ade Yuliet,Bukan,2,1,Diedit setahun lalu,Tidak,"Menu lumayan lengkap, tempat lumayan besar meski tanpa AC, rasanya makanan standar sama dg penyetan warung kecil pinggir jalan tp harganya mehonk alias muahal sekalii, bikin dompet syok beraat.. Ditambah lg Pelayan2nya ga ramah. Cukup …",Negatif,"Harga, Pelayanan/Staf",Sedang
Nandisia Kharisma,Bukan,2,1,2 tahun lalu,Tidak,"Harga gak masuk akal, mahal banget gilak !!! Bebek+nasi 62rb, es jeruk 25rb, pete 12rb, terong 6rb, es teh 13rb Bebek juga ga yg gede, size kecil Ga recommend pkonya lah mending cari makanan lain",Negatif,"Harga, Produk/Makanan",Sedang
Rizal Fauzi,Bukan,5,1,setahun lalu,Tidak,"Rasa B aja soal harga kalah semua restoran ternama, mahal rasa enak gak masalah, harga tak tertera pas bayar gak ikhlas rasanya harga segitu makanannya gak wort it sama sekali, yg belum nyoba silahkan dicoba guys tp lak wes mr ojok meso 🤣🤣🤣 …",Negatif,"Harga, Produk/Makanan",Sedang
Rossa Ocha,Bukan,5,1,2 tahun lalu,Tidak,"Mahal banget asli. Makan berdua habis 175k. Mending dibuat makan diresto ataupun beli seafood bang jaja pasti bisa buat makan sekeluarga. Ikan gurame ukuran kecil : 120k, nasi 2 : 18k, es jeruknya tambah gak masuk akal : 25k, es teh : 12k.. sangat tidak worth it untuk kalangan warung. Menyesal sih beli disini wkwkwk",Negatif,"Harga, Produk/Makanan",Sedang
Bakoel ayam,Bukan,2,3,2 tahun lalu,Tidak,"Sangat disayangkan, dengan harga segitu semestinya jangane menggunakan kasir manual (tulis tangan).. karna harganya juga lumayan yaa.. saran saya tolong dikasih price list dibuku menunya. Di online gurame bakar harganya 90ribu. Beli lgsg 120ribu.. mending beli online sjjaa 🥺🙈 …",Negatif,"Harga, Pelayanan/Staf",Sedang
Nazalul kharirotul Azizah,Ya,9,1,setahun lalu,Tidak,"Makanan mahal bgt ga worthit sama rasanya, tempat kotor banyak nyamuk, pelayananya kureng makanya sekarang sepi pdhl dulu viral cukup sekali deh",Negatif,"Harga, Suasana/Tempat",Sedang
Ananda Ayu,Ya,303,4,4 tahun lalu,Ya,Masih sepedas yg dulu ttp kembali kesini tp Akan lebih menyenangkan jika tempatnya lebih bersih.,Netral,"Suasana/Tempat, Produk/Makanan",Rendah
Yasmin Dhani,Bukan,2,2,2 tahun lalu,Tidak,"Jujurly agak kapok makan disini Harga nya ngalahin makan di resto layar, 1 kerapu bakar sedang 155rb paru 46rb, ayam goreng kampung paha atas bawah 32rb …",Negatif,"Harga, Produk/Makanan",Sedang
Bayu Winaryanto,Bukan,11,1,2 tahun lalu,Tidak,"Makanan mahal bgt,rasa biasa seperti tukang pecel ayam/ayam penyetan lainnya, sate paru 1 buah 48.000(ukuran kyk sate di bubur gede dikit) masih murah bebek Kaleyo,bebek H Slamet yg lebih enak. …",Negatif,"Harga, Produk/Makanan",Sedang
Adi Rachmawan,Bukan,14,1,6 bulan lalu,Tidak,"Harga mahal banget, coba koreksi sih harganya kemahalan tau",Negatif,Harga,Sedang
Lutfan Holid,Bukan,4,1,7 bulan lalu,Tidak,Rasa Kaki Lima Harga Pejabat... Pertama dan terakhir kalinya makan disini,Negatif,"Harga, Produk/Makanan",Sedang
Dimas Nugroho,Ya,751,2,2 tahun lalu,Tidak,"Makanan B aja, kadang enak kadang kurang beres, kadang besar kadang biasa. Harga setara restoran besar tapi tidak transparan. Buku menu tidak tertera harga, harus proaktif tanya dan kalkulasi sendiri saat memesan, dan kalau tidak cocok tidak usah malu tinggal pergi saja. Nota tulis tangan tidak jelas. Kebersihan kurang. Buka 24 jam.",Negatif,"Harga, Produk/Makanan",Sedang
Allium Nusantara Jaya,Bukan,6,1,2 tahun lalu,Tidak,"Rasa enak, harga tidak masuk akal mengingat tempatnya bukan hotel bintang 5. Jeruk murni hangat harga 70ribu. Kerapu kecil 185, Bebek tanpa nasi 50rb, 1 paru kecil tanpa nasi 48rb, kakap kecil tanpa nasi 170ribu. Mending di selayar....",Negatif,"Harga, Suasana/Tempat",Sedang
Pandu dewantari Mardiana,Bukan,4,1,2 tahun lalu,Tidak,"Baru pertama kali makan disini tiga orang habis 500 rb an jujur kaget Overpriced banget,, Paru, udang isi 3, usus sapi, babat, per 1 tusuknya harga 40-48 rb, gilanya lagi …",Negatif,Harga,Sedang
Cindy ariestika Putri,Bukan,3,1,setahun lalu,Ya,"Gk worthit untuk dibeli, makanan B aja dan harga selangit, makanan segini 300 lebih🤣🤣samapai dikasir sama"" pelangak pelongok, mikirnya mungkin sama seperti bang jaja, taunya 2x lipat bang jaja🤣 mna bawak duit pas""san lagi🤣🤣kapok"" 🤣 yang …",Negatif,"Harga, Pelayanan/Staf",Sedang
Irzal Rinaldi,Ya,24,3,2 tahun lalu,Tidak,Taste yang cuma lumayan tidak sebanding dgn over priced nya. Sebaiknya tanya harga dulu harga ikan sebelum pesan. Ga pake timbang disini. Kerapu/ kakap 150 ribu ukuran kecil.,Negatif,"Harga, Produk/Makanan",Sedang
Anita Firdaus,Bukan,4,1,setahun lalu,Tidak,"Kaget harga es bengbeng sama jeruk nipis 25k, usahakan yg mau makan tanya2 dlu harganya jangan malu.. biar gak kaget.. krna dsana harga tidak transparan",Negatif,Harga,Sedang
sabitha wina,Bukan,2,1,2 tahun lalu,Tidak,MAHAL BGT! Sekelas makanan kaki lima dengan harga semahal itu bener2 ga worth it. Rasa juga biasa aja. Bumbu bebeknya asin pol. Paru juga ga fresh rasanya. Makan ber4 habis 400rb mending makan di resto fancy mall daripada disini. Pantes sepi,Negatif,"Harga, Produk/Makanan",Sedang
Apip Rea,Ya,253,4,9 tahun lalu,Ya,"Menu prasmanannya bervariatif, sambal dan lalabnya cukup oke. Ada ruang ac, tp wastafelnya muter2.",Netral,"Produk/Makanan, Fasilitas/Parkir",Rendah
Vitadyant,Ya,30,5,3 tahun lalu,Ya,"agak pricey tp worth, sambelnya enak, ikannya masih seger, buka 24 jam",Positif,"Harga, Produk/Makanan",Rendah
Masyhur Ginzany,Bukan,1,1,setahun lalu,Tidak,Jangan Beli disini lagi...KAAPOOK... harganya MAHAL SELANGIT KALAH HOTEL BINTANG 5.....Tolong kepada seluruh KULINER jangan sampai makan terjebak disini....PASTI MENYESAL...,Negatif,Harga,Sedang
Didik Edi Riyanto,Bukan,7,1,7 bulan lalu,Tidak,"Harga kemahalan, masih banyak tempat makan dh harga lebih normal",Negatif,Harga,Sedang
Rohmatulloh,Bukan,9,5,3 tahun lalu,Ya,"Mntapp, yang baru ke Surabaya dan bagi faforit food rekomended bangt ini tmpt",Positif,Produk/Makanan,Rendah
Marcellinus Ferdinand Suciadi (Èxsharaèn),Bukan,54,1,4 tahun lalu,Tidak,"Tidak ada harga di menu, pastikan nanya harga dulu sebelum beli, kalau perlu didedes aja sampai keluar harga, kalau nggak ya ga dikasih tahu (bocoran: gurame 100rb, bebek 43rb, nasi putih 8rb, sisanya lihat ulasan). Rasa biasa. Kalau tidak suka pedas, jangan pesan sambel yang pedas, beneran pedas banget.",Netral,"Harga, Produk/Makanan",Sedang
Simon Cristian,Ya,24,3,3 tahun lalu,Tidak,Pesen Makan : 2 nasi 2 bungkus pete …,Netral,Produk/Makanan,Rendah
Vira Raminta,Ya,138,2,3 tahun lalu,Tidak,"Antara rasa, harga, ukuran ikan betul2 gak sebanding, kakap merah gak ada setengah kilo beratnya, harganya 140 ribu lebih dan bumbu bakarnya gak ada rasa. Wastafel dan toilet kotor.Menurut saya mahal tapi yang makan banyak banget jadi selera saja.",Negatif,"Produk/Makanan, Harga",Sedang
Deddy,Ya,23,1,2 tahun lalu,Tidak,"Makanan beneran biasa aja malah ayam gorengnya keras. Ikan dori bakar telalu asin dan mahal banget, Rp.185k/ekor??. Ayam goreng 32k ! Buat kalian.. sebaiknya tanya aja harga makanan sblm pesan dan duduk. Atau gak usah makan disini.. kecuali kamu duitnya banyak 😒 …",Negatif,"Produk/Makanan, Harga",Sedang
Yolanda Kurniawati,Ya,20,2,2 tahun lalu,Tidak,"Dari segi rasa lalapan enak dan sambal mantul. Namun sayang, untuk ikan bakar terlalu gosong dan rasanya hambar. …",Netral,Produk/Makanan,Rendah
Dimas Arista,Bukan,2,1,3 tahun lalu,Tidak,"Over price bangeet, makan ber 7 habis 1jt lebih dikit. Rasa tidak sesuai dengan harga, makan di jimbaran bali 1jt lebih dikit bisa dpt udang, kerang, kepiting dan ikan bakar. Kalau rasa yg khas dan worth sy ikhlas dan ga kecewa spt ini. …",Negatif,"Produk/Makanan, Harga",Sedang
Ikrima Sochifah,Ya,119,5,Diedit 7 tahun lalu,Ya,"Penyetan lovers... u must try this 😼 apalagi yg suka pedees, dijamin puas sama sambalnya padin. Hahahahaa …",Positif,Produk/Makanan,Rendah
Jemmy Tan,Ya,11,4,3 tahun lalu,Tidak,"Sdh baca komen2 kl harga mahal, tp krn ini yg terdekat, jd sekalian saja tes apakah benar2 mahal atau tidak . Makan berdua dgn menu 1 potong ayam goreng, 1 potong bebek goreng, tempe+tahu …",Netral,"Produk/Makanan, Harga",Rendah
Indah Lestari,Bukan,5,3,3 tahun lalu,Tidak,Setiap k sby pasti mampir pak din. Tp ko makin ksini harga nya makin ngaco ya.. Pernah dgn makan menu yg sm harga nya sekian.. bsoknya harga nya lebih mahal. Pernah makan ikan bakar gurame ga terlalu besar sm terong aja hampir 200rb. …,Negatif,"Produk/Makanan, Harga",Sedang
andreas tri septi,Bukan,5,1,setahun lalu,Tidak,Mahal banget bebek 50k nasinya 11k es teh 13 masak ber 4 kenak 300++ menurut saya rasanya juga gak enak..,Negatif,"Produk/Makanan, Harga",Sedang
Niswin Nasilah,Bukan,5,1,setahun lalu,Tidak,"Pantesan ulasannya jelek semua, emang gak wort it sama sekali, rasanya B aja tp harganya luar biasa mahalnya, cukup sekali salah masuk restoran",Negatif,"Produk/Makanan, Harga",Sedang
muhammad abdika,Ya,14,1,setahun lalu,Tidak,Sudah tempat nya kotor makanan nya ngga enak dan harga nya mahal….. Rasa tidak sesuai dengan harga dan kualitas makanan nya buruk…. Kita sebagai konsumen walaupun mahal tapi enak ngga masalah…. …,Negatif,"Produk/Makanan, Harga",Sedang
Siti Asia Fauzi Siti Aisyah,Ya,21,2,8 tahun lalu,Ya,Ih sambel nya pedes banget.bayar dulu baru makan.agak mahal jg sih.,Negatif,"Produk/Makanan, Harga",Sedang
R O M M Y,Ya,47,1,2 tahun lalu,Tidak,Bukan restoran yang akan buat kamu balik lagi. Cukup sekali nyobain udah lebih dr cukup. …,Negatif,Produk/Makanan,Sedang
Gerry RcH D' Driver,Ya,11,3,5 tahun lalu,Ya,Dinner With Bebek Goreng Always Alone 😁😂 Kalau Bersama Dia Gk Muat di Budget hargane Lumayan Mahal 😁 …,Negatif,"Produk/Makanan, Harga",Sedang
Wahyu Ery Saputro,Bukan,10,1,3 tahun lalu,Tidak,"Pengalaman yang sangat buruk makan di PADIN ini!! Demi Allah rasanya HAMBAR, ga ada enak² nya. Tidak tercantum harganya. Pesan Gurame dan udang sm es sirup kena 220 ribu. Astaghfirullah, nyebutt saya. Udah gitu ga dikasih struk. Pedagang …",Negatif,"Produk/Makanan, Harga",Sedang
Deddy Syahrial,Ya,129,5,6 tahun lalu,Ya,Banyak pilihan menu. Cuman sayang tempat sambel dan ikannya jadi satu .. jadi terlalu penuh,Netral,"Suasana/Tempat, Produk/Makanan",Rendah
Lukman Widodo,Ya,24,4,3 tahun lalu,Ya,Kalau makan disini harus bawa uang lebih. Karena harganya d atas rata2,Negatif,Harga,Sedang
Suyono Katemi,Bukan,11,1,setahun lalu,Tidak,"Kapok makan disini harganya mahalnya minta ampun,resto resto dimall aja harganya kalah jauh,makan disini minimal 1 orang 60rb😭😭,tadi malam coba makan disini 6 orang dengan makanan sederhana habisnya 388rb dengan minum teh panas,kapok gak bakal balik lagi …",Negatif,Harga,Sedang
Nurul Huda,Bukan,2,1,2 tahun lalu,Tidak,"KAGET PUOOLL, Gak nyangka deh, makanan dan tempat sekelas warung sederhana, HARGANYA LUUAARR BIASSA melebihi hotel bintang 5. …",Negatif,"Harga, Suasana/Tempat",Sedang
Firmansyah 3648,Ya,114,5,6 tahun lalu,Ya,"Mantap dah. Pedesnya pas, bumbunya terasa, pelayanannya cepat. Bisa dicoba lagi..",Positif,"Produk/Makanan, Pelayanan/Staf",Rendah
Erna Puspitarini,Bukan,3,1,7 bulan lalu,Tidak,Mahal banget anjirr harga gak masuk akal samsek..,Negatif,Harga,Sedang
Titto Mahardhika,Ya,3,1,2 tahun lalu,Tidak,"OVERPRICE , Tidak Worth it sama sekali ayam 1 potong 33rb nasi 11rb …",Negatif,"Harga, Produk/Makanan",Sedang
Ybanez Vijeysechan Hamadi,Ya,75,3,3 tahun lalu,Tidak,"salah satu tempat makan ikan bakar yang cukup populer dengan terpampangnya artis-artis yang pernah makan disini, walau rasa yang ditawarkan sebenarnya terbilang standar dan cukup biasa. Untuk harga makanan sebenarnya tidak terlalu …",Netral,"Produk/Makanan, Harga",Rendah
Ira Yusnita,Ya,23,1,2 tahun lalu,Tidak,"Mahal banget makan berdua habis 170k 2 paru:96k ,2 nasi:18k, 1 teh hangat:12k, 1 teh tarik:24k ,1 peté:12k, 1 terong:6k,1 tahu,1 tempe ;2k …",Negatif,"Harga, Produk/Makanan",Sedang
Ilham Rabakodo,Bukan,4,1,3 tahun lalu,Tidak,"Merasa di prank makan di kaki 5 dengan harga bintang 5, rasa makananx biasa aja. …",Negatif,"Harga, Produk/Makanan",Sedang
yolanda ayu,Ya,208,4,3 tahun lalu,Ya,"Menurut saya yang mantep sambalnya, utk segi rasa ayam bakar nya standart sedangkan utk ikan bakarnya saya rasa kurang. Kalau kamu pengen yang always ready disini bisa jadi opsi. Untuk harga yaa buat ber 2 bisa bawa 150-200rb kalau makan ikan bakar.",Netral,"Produk/Makanan, Harga",Rendah
Kiekie Herlambang,Bukan,1,1,2 tahun lalu,Tidak,"Sangat amat tidak masuk akal, tempat biasa rasa biasa saja,.... Tidak ad harga n dirugikan klo yg bwa uang OK tp klo uang pas pasan jngan kesini. Gue byar mahal asalkan worth-it.. Ini gak blass mending k resto yg nyata saja.",Negatif,"Harga, Suasana/Tempat",Sedang
Oyehadi,Ya,565,3,2 tahun lalu,Ya,"Tempatnya kurang bersih, bekas makanan tdk segera dibersihkan",Negatif,"Suasana/Tempat, Pelayanan/Staf",Sedang
zoe cr,Ya,99,4,3 tahun lalu,Ya,"Makan rame2 selepas acara rapat kantor, mantap buka 24 jam",Positif,Suasana/Tempat,Rendah
Mersi Amenk,Ya,139,5,3 tahun lalu,Ya,"Kesini berlima dgn temen2 kantor dr jkt karena dekat dgn hotel kami menginap. Pesan 1 ikan kakap bakar, 1 ikan gurame bakar, sate usu, 1 sate babat, 2 sate paru, 5 minuman teh, nasi 4,5 porsi dan sambal free 4 porsi... Agak kaget jg sih …",Netral,"Produk/Makanan, Harga",Rendah
deby Nur alvani,Bukan,1,1,setahun lalu,Tidak,Ikan nya gak ada rasa tolong di perbaiki lagi makan 2 org bisa sampe 450rb gak masuk akal dgn harga sgtu dan ikan bakar nya gak ada rasanya,Negatif,"Produk/Makanan, Harga",Sedang
Steven,Ya,52,3,2 tahun lalu,Tidak,"Buka 24 jam, makanan biasa saja. Pelayan kurang ramah. Untuk harga memang cukup mahal dibanding penyetan biasa lainnya. Jadi untuk yang mau makan di sini, bisa menyediakan uang yang cukup atau bisa menggunakan debit BCA.",Negatif,"Produk/Makanan, Pelayanan/Staf",Sedang
Nanda Medyka,Ya,68,1,3 bulan lalu,Tidak,Untuk kaum mendang mending skip dulu,Negatif,Harga,Sedang
Kreasindo Cemerlang,Bukan,1,1,setahun lalu,Tidak,"Hati hati kalau makan dimari, Boss. Ikan bawal goreng 1 ekor ukuran 1 kg lah 300 rb, 2 tusuk babat 96 rb. 😭 …",Negatif,"Produk/Makanan, Harga",Tinggi
Dewi Rahma,Ya,21,4,2 tahun lalu,Tidak,Cocok bgt bagi yang pecinta pedes...cmn untuk harga menurut saya...cukup mahal di antara yang lain...cmn entah kenapa padin tetep bikin nagihi sambel nya...🥴..sedikit sarann mungkin target harga per item ayam bisa di kurangin😖 …,Netral,"Produk/Makanan, Harga",Rendah
Martinus Aer,Ya,223,5,Diedit 7 bulan lalu,Ya,"Sambal maknyuus, rasa indonesia. Mantap 👍👍👍 …",Positif,Produk/Makanan,Rendah
hamzi hafiz,Ya,285,1,7 tahun lalu,Tidak,Jangan sekali kali kalian ke tempat ini. Harga bener-bener di tembak dan ga masuk akal. Kemarin saat saya ke surabaya. Saya coba makan di sini. Aneh nya gak ada daftar harga nya malah saya kalau ingin membeli langsung mengambil lauk nya. …,Negatif,Harga,Tinggi
elisa mahawira,Bukan,2,1,setahun lalu,Tidak,kebanyakan HAMA pengemis makanan udah mahal. rasa biasa . ngamen dan ngemisnya ganggu banget orang makan.,Negatif,"Pelayanan/Staf, Harga",Sedang
Agus Suparman,Bukan,2,2,5 tahun lalu,Tidak,"tempat kemproh, kotor sekali. nasinya mahal tapi pake beras murahan banyak batu, terong ada ulatnya. harga makanannya mahal sekali. kalo rame panasnya beehh. rasa b aja. sambal nya standart. es jeruk 18.000, nasi putih 7.000(+krikil krikil), bebek saja 35.000, terong 5.000(+ulat). pertama dan terakhir. 😁 …",Negatif,"Produk/Makanan, Suasana/Tempat",Tinggi
Soka Malinda,Ya,19,3,2 tahun lalu,Ya,"Ga ada foto makanan tapi disini menurutku overprice ya.. untuk setusuk paru aja harganya segitu, ga wajar sih Ayam juga harganya ga masuk akal.. …",Negatif,"Produk/Makanan, Harga",Sedang
Ulkina Zaila2800,Bukan,1,1,2 tahun lalu,Tidak,"Harganya GK masuk akal, ke sana lima orang makan cuman udang 2, paru 1, ayam 2, es teh 4, air putih 1. Habis 475 Gilak bangett,,, buat yang belom ke sini jangann lupaa siap kan uang lima ratus ke atass",Negatif,"Produk/Makanan, Harga",Tinggi
Angela Yulianti hoo,Bukan,8,1,3 tahun lalu,Tidak,"Makanan nya rasanya biasa aja,harga nya luar biasa mehong. Terutama es teh nya 1 gelas 12 RB saingan Ama resto bintang 5. Bebek goreng 42 RB , nasi putih 9 RB",Negatif,"Produk/Makanan, Harga",Sedang
Rizka Haliman,Ya,72,1,8 tahun lalu,Ya,"Di pintu masuk kamu akan disajikan beberapa jenis ikan yang sudah digoreng, ayam bumbu kuning yang belum digoreng, dan bebek. Ada jepitan makanan, yang mana artinya kamu bisa langsung ambil apa saja yang mau kamu makan. Setelahnya, maju …",Netral,Pelayanan/Staf,Rendah
Rizki Gatra Rovino,Ya,98,1,setahun lalu,Tidak,cukup enak cuma kemahalan mau naik haji. sate paru 1 tusuk 48rb …,Negatif,"Produk/Makanan, Harga",Sedang
intan nirmala,Ya,223,4,6 tahun lalu,Tidak,"secara rasa mantap banget sambelnya. pilihan lauknya juga banyak, lokasi strategis dan 24 jam buka. meskipun bukan resto besar, tapi banyak artis artis yang uda pernah makan disini, terlihat dari foto foto yang terpajang. sayangnya, …",Positif,"Produk/Makanan, Suasana/Tempat",Rendah
Novia Adytama,Ya,10,1,2 tahun lalu,Tidak,"Gak masuk akall sama harganya rasanya juga biasa aja 🫤kapok makan dari situ meskipun udah terkenal tapi bner” gak masuk akal kalau kasih harga ,mentang” yg kesitu bukan asli org sby jadi dikira gk bakal balik 😏 …",Negatif,"Harga, Produk/Makanan",Sedang
Zulfikar Nur Rahmat,Ya,52,5,Diedit 3 tahun lalu,Ya,"Banyak pilihan, bisa request di bakar atau di goreng. Untuk tempat selalu bersih. Pegawai gercep(cekatan) mantablah",Positif,"Produk/Makanan, Suasana/Tempat",Rendah
R P,Ya,583,2,Diedit 4 tahun lalu,Tidak,"Jujur sambel ulegnya emg enak, tapi harganya yg gak enak. Makin banyak dikunjungi artis ibukota makin naik aja harganya.. dulu gak semahal sekarang lho. …",Negatif,"Produk/Makanan, Harga",Sedang
anki l,Ya,237,3,3 tahun lalu,Tidak,Kenal Padin sejak masih jualan di pinggir jalan banget. Sekarang sudah masuk ke dalam ruko. …,Netral,Suasana/Tempat,Rendah
Yeni Wulandari,Bukan,2,1,setahun lalu,Tidak,"Harga tdk sesuai sm makananya,ayam alot,udang keras,jangan ksini dah mesti byk foto artisnya.",Negatif,"Harga, Produk/Makanan",Sedang
Rafly,Bukan,9,1,4 tahun lalu,Tidak,"harga overprice, tulisan di nota selalu gak jelas dan harganya berubah2. pernah di naikin total sampe 80rb, setelah di tegur ternyata ayam goreng jadi 45rb an harusnya 33rb😁 …",Negatif,Harga,Tinggi
Mul yadi,Bukan,5,3,setahun lalu,Ya,🫣🫣🫣 Cukup sekali dan trakhir aja dah makan dsini berdua bisa 🤣🤣🤣🤣 Rasa B aja lebih nikmat warung sebelah Seafood biasa dan melebihi bisa makan lebih dri 5 orang …,Negatif,Produk/Makanan,Sedang
Satria karunia Rahmat,Bukan,11,1,2 tahun lalu,Tidak,"overprice banget ini, gurami 1 harga 120k udang 1 tusuk isi 5 hrga48k bukan buat kaum mendang mending, karena mending ga usah kesini sekalian rasa cuma asin garem gurame bakar ga sedep sama sekali",Negatif,"Harga, Produk/Makanan",Sedang
Aku Gabut,Bukan,4,1,setahun lalu,Tidak,"ternyata rating emang gapernah bohong, untuk harga terlalu mahal dengan rasa dan kualitas yg apa adanya, lebih baik pilih tempat lain🙏 …",Negatif,"Harga, Produk/Makanan",Sedang
Rachel Z,Bukan,2,1,setahun lalu,Tidak,"Nyesel makan disana, tempat kaki lima harga termasuk sangat mahal, porsi juga termasuk kecil, jauh jauh makan disana hasilnya ga enak, sambelnya kurang enak, minding di resto ternama mahal tapi enak dan banyak",Negatif,"Harga, Produk/Makanan",Sedang
Jangan Hutang,Bukan,1,2,2 tahun lalu,Tidak,"Paling benci,mereka ini punya ruko namun tempat parkirnya itu adalah jalan umum yg semua masyarakat harusnya bisa parkir disana,makan atau tidak makan disana,pelayan yang meresahkan,neriakin orang seperti maling,sumpah pengen nuntut …",Negatif,"Fasilitas/Parkir, Pelayanan/Staf",Tinggi
evangelista dewi,Bukan,4,1,2 tahun lalu,Tidak,Mahal bgt makan disini entah cuma aku apa ada yg lain Lele (1biji) 28K Udang (1tusuk isi 4) 40K …,Negatif,"Harga, Produk/Makanan",Sedang
aya rach,Ya,10,1,3 tahun lalu,Tidak,"Sebenernya lumayan enak, bebek bakar nya empuk enak. Tapi pas bayar ko kaget ya makan sendiri 120.000 🤣 (bebek 1, nasi 1, paru 1, terong , daun ubi, teh tawar, sambal) …",Netral,"Produk/Makanan, Harga",Rendah
M. Tamsir,Ya,97,1,3 tahun lalu,Tidak,"Ikan bakar ukuran terkecil, dicharge ukuran ikan paling besar .... dikomplain, dikembalikan 15rb. Harga gak karuan charge semaunya kasir .... harga juga gak worthed !!! Kemahalan untuk ukuran ikan bakar bahkan jika dibandingkan dengan beli ikan bakar di Resto seafood Layar sekalipun",Negatif,"Harga, Pelayanan/Staf",Tinggi
Len Rhei,Ya,14,3,3 tahun lalu,Ya,Wow terkejut aja sama harga babatnya. Untung ada sambel,Negatif,"Harga, Produk/Makanan",Sedang
King Poring,Ya,59,4,Diedit 5 bulan lalu,Tidak,"rasa kaki lima, harga bintang lima",Negatif,"Produk/Makanan, Harga",Rendah
Capri Red,Bukan,3,1,setahun lalu,Tidak,"Tempat banyak laler gak layak buat makan Harga nya selangit, makanan jga gak enak Klo harga selangit tempat makan bagus rasa enak ikhlas buat bayar nya",Negatif,"Produk/Makanan, Suasana/Tempat",Sedang
Danang Sapputra,Ya,471,3,4 tahun lalu,Tidak,"sebenarnya rasa sih biasa saja, nggak istimewa. tempat juga walaupun luas tetapi terasa kurang nyaman untuk makan santai, terasa sempit antar meja dan pelayanan terkesan acak adul (pesanan yg dipesan ternyata salah dihidangkan dan sampai …",Negatif,"Produk/Makanan, Pelayanan/Staf",Sedang
Norma Ningsih,Bukan,2,1,2 tahun lalu,Tidak,Dari awal masuk curiga sih..buku menu ga ada pricenya.. minuman yang dateng gelas jumbo.. pas bayar kaget... overpriced luwar biasaa.... …,Negatif,"Pelayanan/Staf, Harga",Sedang
Avi Yusnan,Bukan,1,1,5 tahun lalu,Tidak,"Nyesel pesen gak tanya harga... jadinya muahal... Maunya mau mengenang bebek legendaris jaman waktu tinggal di surabaya. Dulu uenak sekali, ada bumbu kuning, sambel e mantap, pokok e bebek e joss. Tapi sekarang dah jauuhh dari kenangan waktu itu. Dan harganya itu loh...bikin nyesel dan pasti orang gak bakal balik lagi",Negatif,"Produk/Makanan, Harga",Rendah
NadNad Soeprapto,Ya,124,1,2 tahun lalu,Tidak,"Ya Allah.. ampun, sumpah ampun.. kalo kalian warga jakarta atau bandung bebeknya masih enakan bebek kaleyo... Jangan beli disini beneran deh beneran... …",Negatif,Produk/Makanan,Rendah
Buy Ung,Ya,26,2,setahun lalu,Tidak,"Jujur aja makanan di sini enak sambel banyak pilihan, tapi harga nya overprice and soal kebersihan rada mines sih, with same price buat late night dinner better ke mcd or KFC",Negatif,"Produk/Makanan, Harga",Sedang
Cécile M,Ya,107,4,7 tahun lalu,Tidak,Enak banget !! Sayang beberapa item agak Mahal untuk ukuran kaki Lima. Ikan nya 75000. Tapi Tempe nya 1000 an sih. Jadi tergantung kita pilihnya apa …,Positif,"Produk/Makanan, Harga",Rendah
Anggi Suryanika,Ya,311,2,5 tahun lalu,Tidak,"Gak tau ini resto dari tahun kapan baru nemu di surabaya. Tempatnya ga milenial, meja kursi seperti warung makan biasa, memang semua ayam dan ikan di freezer bisa pilih, tapi harga mahal banget. Rasa biasa aja kayak penyetan umumnya. Mungkin mahal di sambalnya yg se-cobek penuh. Ga pengen balik kesini lagi.",Negatif,"Produk/Makanan, Suasana/Tempat",Rendah
Stefano Calvin,Ya,158,5,4 tahun lalu,Ya,Babat dan usunya enak banget. Pecinta sambel harus coba. Sambelnya nampoll.,Positif,Produk/Makanan,Rendah
Eddy Sukandar Fx,Bukan,1,1,Diedit setahun lalu,Tidak,Mahal pol..harga ayam 50 rb..harga ngawurr.Nuthux namanya..tdk barokah.Sekali kapok.,Negatif,"Produk/Makanan, Harga",Sedang
Yudi Hilman,Bukan,5,2,6 tahun lalu,Ya,Harganya lumayan mahal. Kalau rasa ku rasa ada aja yg sama dengan ini tapi harga lebih murah.,Negatif,"Produk/Makanan, Harga",Rendah
David Tan,Ya,110,1,2 tahun lalu,Tidak,"Penyetan yg aneh, ga enak, mahal, tapi rame … kuapok banget makan disini, udah paling bener penyetan di mall sama mahalnya lebih enak lebih nyaman atau yg kaki lima pisan",Negatif,"Produk/Makanan, Harga",Rendah
cherry kucing Ragdoll ku,Ya,36,5,6 tahun lalu,Tidak,"Enak siih, sambel nya juga mantaab (agak keasinan dikit kl mnurut lidahku). Tapii harganya mayaan mihiil kl menurutku yaa.... …",Netral,"Produk/Makanan, Harga",Rendah
Henny Wijaya,Bukan,2,1,3 tahun lalu,Tidak,Maaf sy ksih 1 bintang aja. Rasa B banget Harga M banget …,Negatif,"Produk/Makanan, Harga",Rendah
Vidya Putri,Bukan,2,1,4 tahun lalu,Tidak,Sangat mahal gaes ya. Tempat pinggir jalan harga seperti restoran. Gilaak. 1 ekor ikan 125rb g masuk akal banget. 1 piring nasi 8rb. Minuman satu gelas sekitar 18rb an. Kalau mau kesini pikir2 dl deh ya. 😁 …,Negatif,"Harga, Suasana/Tempat",Sedang
Erma GMS,Ya,11,1,3 tahun lalu,Tidak,"Over price, tidak sesuai dan harga sangat tidak masuk akal, melebihi restoran, pada saat milih ikan penjual ditanya segini berapa jawabnya nanti aja saat bayar, ternyata benar pas bayar 2 gurami bakar, 1 dorang, 7 nasi, 7 es teh, habisnya 600rb",Negatif,"Harga, Pelayanan/Staf",Sedang
Abdul Rachman,Ya,20,1,2 tahun lalu,Ya,Gini doang 120rb. Harganya ngawur,Negatif,Harga,Sedang
Agus Mukhlisin,Ya,155,5,2 tahun lalu,Ya,"Makanan enak, banyak pilihan menu bakaran maupun Goreng",Positif,Produk/Makanan,Rendah
Arinda Rahmadiani,Bukan,4,1,3 bulan lalu,Tidak,"Overprice, makanan hambar, ambience kotor ....",Negatif,"Harga, Suasana/Tempat",Sedang
Lily,Bukan,7,1,6 tahun lalu,Tidak,"Dateng ke sana jam 5 pagi cuma ada 4 paha bebek goreng, ikan sih banyak, tp bebek tinggal segitu dan ayam habis. Pas bayar dikasih bon yg bikin terkejood ya sudahlah semoga enak. Tnyataa alot banget kayak ngajak berantem. Dulu empuk dan …",Negatif,"Produk/Makanan, Harga",Sedang
anis lathifah,Bukan,4,1,6 tahun lalu,Tidak,"Harga mahal bgt. semua lauknya rasae biasa ajaa, cuma sambelnya doang yg joss itupun jg mahal sambelnya. Udang harga 25rb cuma dapet 4 udang kecil LITERALLY UDANG KECIL UKURAN 2CM buibuu, brrti per pcs udang kena harga 5rb lebih🤣🤣🤣 …",Negatif,"Harga, Produk/Makanan",Sedang
it buntok,Bukan,1,1,3 tahun lalu,Tidak,"Ketika saya dan teman2 sampai di Surabaya sekitar jam11 malam , kita tanya sama orang sana makan khas Sby apa yang cocok buat kami terus di rekom untuk makan di padin .. kita mampir .. dan kita pesan ikan bakar .. eh tahu nya pas bayar ke …",Netral,Harga,Rendah
Calvin Antonio,Ya,76,4,4 tahun lalu,Tidak,"Untuk sambalnya bisa pedes dan memang terasa pedesnya, buka nya sekarang bukan 24 jam tapi ada waktu tutupnya juga. Untuk harga mungkin sedikit overprice seperti ikan dihargai 100 an",Netral,"Harga, Produk/Makanan",Rendah
dhiga veans,Ya,67,5,4 tahun lalu,Ya,Ikan goreng nya mantap cuma yg bakarnya ga seberapa matang tapi lumayan sih,Positif,Produk/Makanan,Rendah
Hakki Farafis,Bukan,3,1,7 bulan lalu,Tidak,Kejebak makan disini nyesel banget abis 190rb,Negatif,Harga,Sedang
Nur Fitriana Zumala,Ya,112,4,7 tahun lalu,Tidak,"Untuk rasa ikan bakarnya cocok di lidah saya, tapi untuk menu lain biasa saja. Satu nilai minusnya. Tidak ada rincian harga di daftar menu. Jd ketika sudah pesan beberapa menu saya kaget karena untuk harga satu gurameh kecil (seukuran nila …",Negatif,"Produk/Makanan, Harga",Sedang
Rujakbangkok SiAteu,Bukan,1,1,2 tahun lalu,Tidak,Ada belatung shayy!!!!! Gila!!! Banyak laler pula!!! Heran masih ada aja yg mau jajan disini. Mana harganya ga jelas di getok bgt. Pas nunjukin ada belatunh ga ada say sorry samsek!!! Bahkan ttp bayar harga full!! SAKIT!!!,Negatif,"Produk/Makanan, Pelayanan/Staf",Tinggi
Abede El Adhim,Ya,94,1,8 tahun lalu,Tidak,"Kemarin, 9 Desember, saya makan di sini. Tempatnya kurang bersih. Temboknya kotor. Masakannya lumayan, namun harganya mahal utk ukuran depot ini. Teh hangat saja, Rp 8000. Sedangkan Es Teh, hanya beda es batu, Rp 16000. Belun lagi lauknya, lebih mahal dari Bebek Sinjay atau P. Slamet",Negatif,"Suasana/Tempat, Harga",Sedang
Rio Purnama,Ya,88,2,8 tahun lalu,Tidak,"Tinggal pilih lauknya prasmanan. Sambalnya ada 3 macam varian. Levelnya juga ada 3 yakni gak pedas,pedas dan pedas bingits. …",Positif,Produk/Makanan,Rendah
Ika Puspitasari,Ya,283,3,6 tahun lalu,Tidak,"Ini ulasan jujur saya.. setiap orang bisa saja memiliki pengalaman yang berbeda. Saya ambil bebek dan kangkung rebus sebagai pelengkap (yang dibilang sm penjualnya daun singkong, rupanya kangkung), dan sambal nya yg paling pedas. Sambil …",Netral,Produk/Makanan,Rendah
zulham Mubarak,Bukan,3,1,setahun lalu,Tidak,Sangat tidak recommended! harga luar biasa mahal tapi rasa tidak sesuai. Sangat tidak berkah model jualan begini. Semoga penjual lekas sadar.,Negatif,"Produk/Makanan, Harga",Sedang
Meilisa Eva Ikawati,Ya,73,4,7 tahun lalu,Tidak,"Sebagai turis Jogja yang berkunjung ke Surabaya, ini memang restauran yg mirip2 kaya di Jogja, hanya saja harganya cukup mahal. Untuk ikan gurame 1 ekor ukuran sedang, bisa seharga 80rb, dicocol sambel khas disana yang pedas nikmat hehe.. Yang ga suka ikan ada pilihan ayam juga.. Buka 24 jam ya, jadi bisa kesini kapan aja 😊 …",Netral,"Produk/Makanan, Harga",Rendah
Chai Liang,Bukan,2,1,7 tahun lalu,Tidak,"Enak tapi mahal ga worth it. Udh sempet nanya harga nya brp sblm payment, tapi ga dijawab dan harus lgsg ke kasir. Ikan goreng kecil 75.000, bebek goreng 45.000. Nasi 7.000 an. Aku okay harga mahal kalau ditulis dari awal, but this is a rip off.",Negatif,"Pelayanan/Staf, Harga",Sedang
Rezky Abadi,Ya,18,1,3 tahun lalu,Tidak,"Berdasarkan pengalaman pribadi, harga : rasa gak worth it. Masih banyak tempat makan yg menjual menu seperti disini dgn harga yg jauh lebih murah dgn rasa yg sama atau bahkan ada yg lebih enak.",Negatif,"Produk/Makanan, Harga",Sedang
Sevika Abelia,Ya,20,1,2 tahun lalu,Tidak,"harga e ngawur banget ga masuk akal, harga e mahal tapi rasa biasa aja ga jauh beda sm warung tendaan. ga worth it sih ini harganya over bgt, sorry.",Negatif,"Produk/Makanan, Harga",Sedang
bambang siswanto,Ya,167,5,3 tahun lalu,Tidak,"Sambalnya yang fresh dan pedas mantap dikasih irisan jeruk , tempatnya nyaman, bersih, parkir mobil tersedia, banyak menu variasi pilihan, mulai bebek, ayam dan ikan bakar , harga medium up",Positif,"Produk/Makanan, Suasana/Tempat",Rendah
Tezo Keliwake,Ya,182,4,6 tahun lalu,Tidak,Disini kalo makan ambil sendiri menu lauknya lalu akan digoreng atau dibakarkan. Namun ingat sambal disini pedes nya top yah... Jadi kalo pesen ukuran pedesnya …,Positif,Produk/Makanan,Rendah
foun deazz,Bukan,1,1,setahun lalu,Tidak,mahal jangan perna makan disini ga worth it sama sekali! tempat makan jelek pol kaya pembuangan sampah,Negatif,"Suasana/Tempat, Harga",Sedang
fajar lestario,Ya,59,5,7 tahun lalu,Ya,Makanannya bervariasi dan enak (menurut saya).,Positif,Produk/Makanan,Rendah
david dian,Bukan,2,1,3 tahun lalu,Tidak,"Untuk sekelas warung kaki lima harga disini sangat over mahalnya, rasa biasa saja, porsi sedikit. Mending kalian langsung ke restoran saja daripada kesini. Kasian orang awam yg tidak tahu tiba2 mampir kesini bakal dicekek harga mahal, mana gak ada daftar harganya. Dinas terkait harus tindak warung-warung model seperti ini.",Negatif,"Produk/Makanan, Harga",Sedang
Puji astutik,Ya,121,2,6 tahun lalu,Tidak,"Untuk ukuran makanan kaki 5 harganya terlalu muahal..masak harga ikan gurami sama ikan dorang sama² 80 rb...? Mencuci gelasnya juga asal dicelupin aja, nggak higienis blas...",Negatif,"Produk/Makanan, Harga",Sedang
Pangayom,Ya,145,5,Diedit 7 tahun lalu,Tidak,"Tempat makan ternama, selebritis nasional banyak yang pernah singgah makan di sini, terbukti dari foto-foto mereka yang dipajang di sekujur dinding. sambelnya bisa sampe besok masih terasa panas di tangan. Entah gimana takarannya …",Positif,"Produk/Makanan, Suasana/Tempat",Rendah
Andryan Film,Bukan,1,1,setahun lalu,Tidak,"Cukup sekali aja kesini, awas jebakan Betmen! Hati-hati klo kesini, rasa biasa aja harga yg luar biasa.. (mahal cuk!)",Negatif,"Produk/Makanan, Harga",Sedang
Affendi,Ya,1416,5,4 tahun lalu,Tidak,"Suatu rumah makan legendaris di jalan Krangan Surabaya. Selalu rame apalagi ketika malam Minggu. Banyak pilihan menu juga disana, dari mulai ayam dan ebebk hingga bermacam-macam ikan dari mulai kakap hingga gurame. Mau dibakar atau …",Positif,"Produk/Makanan, Suasana/Tempat",Rendah
Jimmy Tjandra,Ya,165,3,7 tahun lalu,Tidak,"Main feature dari tempat ini adl doi buka 24 jam. Jd kalau ada yg pengen makan di odd hour, tempat ini bisa jd pilihan. Mnrt saya, pilihan ikannya tdk terlalu variatif, mungkin krn saya datang rada …",Netral,"Produk/Makanan, Suasana/Tempat",Rendah
Mochamad Suhendro,Bukan,1,1,2 tahun lalu,Tidak,"Kapok..kapok banget makan d sini Harga nya ngalahin makan di resto, 1 kerapu bakar sedang 150rb 1 es jeruk 25rb …",Negatif,Harga,Sedang
Sadyssey,Bukan,3,1,setahun lalu,Tidak,"Mahall bangett. Rasa biasa aja, tempat juga biasa aja pinggir jalan malah wkwkw, harga wow gak ngotak.",Negatif,"Harga, Produk/Makanan",Sedang
Nadira BSA,Ya,24,1,2 tahun lalu,Tidak,"Makan cuman 2 porsi muahaall banget, nyesel ga liat menu dan review di google dulu.. Niat mau makan murah kaki lama malah begini.. Ga lagi2 kesini",Negatif,Harga,Sedang
Reza Wahyu,Bukan,5,1,2 tahun lalu,Tidak,"Makanan nya kalo di bilang mahal buat saya standard cuman ikan nya berek , agak amis jadi kurang pas dengan harga 120 rb Pelayanan lumayan cepet …",Netral,"Produk/Makanan, Pelayanan/Staf",Rendah
Aprilia Riana,Ya,57,4,3 tahun lalu,Ya,sambelnya sih juara bgt enak...pedes pooll..skrg jg udh bersih pakai pendingin buat simpen lauk pauknya...dulu diemper di meja jd banyak lalat...skrg sudah bagus...tp tetep harganya lumayan pricey gpp hihihi tp tetep enak👍🏼 #reviewforgoodness …,Positif,"Produk/Makanan, Suasana/Tempat",Rendah
Sonny Suryo,Bukan,7,1,2 tahun lalu,Tidak,Wah nipu nih.. Aq ada jeroan sisa qurban... Boleh ta ta jual di situ... …,Negatif,Produk/Makanan,Sedang
Widi Muliyastuti,Bukan,4,1,setahun lalu,Ya,HARGA BINTANG LIMA RASA BINTANG 1. MAHAL BANGETT,Negatif,"Harga, Produk/Makanan",Sedang
Mochammad Taoefik,Bukan,4,1,2 tahun lalu,Tidak,"Harga mahal masak makan ayam goreng, sate babat 1 tusuk isi 10 lembar dengan ukuran 1x1cm, nasi 3, es jeruk, krupuk dengan harga 122rb.......",Negatif,"Harga, Produk/Makanan",Sedang
Delta Wahyu,Ya,21,5,3 tahun lalu,Ya,"Buka 24 Jam. Ke sini pas habis ""clbbng"" , tempatny lumayan pw, menunya lengkap, dan pilihan sambelny banyak. Btw di sini sambelnya pedes bgt, kalo emang gakuat pedes disaranin buat pesen yang level sedang aja. Mantaap",Positif,"Produk/Makanan, Suasana/Tempat",Rendah
Nadia Mardika,Ya,60,3,7 tahun lalu,Tidak,"Tempat luas, di pinggir jalan. Mudah di temukan. Kalau sore ada tenda juga jadi bisa menampung banyak orang. Buka 24 Jam Nonstop. …",Positif,Suasana/Tempat,Rendah
Mochammad Afghan Rusdiansyah,Ya,23,1,3 tahun lalu,Tidak,"sorry i have to say this, untuk harganya bisa dibilang overprice dengan restoran yang CUMA KAYAK GITU, gurami harga 100.000 pinter banget ga dikasih daftar harga, DAN nih ya GURAMI NYA Banyak sisik yang belum bersih dan dibakar nya masih mentah, sorry.",Negatif,"Harga, Produk/Makanan",Tinggi
widya wati,Bukan,12,1,3 tahun lalu,Tidak,"Mahal bangeet smpe kaget cuma penyetan doank harga di atas 100rb,agak nggak masuk akal,rasa jg sma aja kaya penyetan yang lain 1 tusuk sate paru di hargain 48rb …",Negatif,"Harga, Produk/Makanan",Sedang
Yulia,Ya,197,4,7 tahun lalu,Tidak,"Menu disini berupa aneka penyetan. Dari mulai lele, ayam, bebek, ikan gurami, dll. Menu dilengkapi dengan aneka lalapan. Buka 24 jam, solusi buat yg tengah malam lapar. Lokasi dekat dengan pasar blauran dan mall BG Junction, Surabaya. Rasa …",Netral,"Produk/Makanan, Suasana/Tempat",Rendah
Budi_ Bleck,Ya,475,4,3 tahun lalu,Tidak,Rasanya basa saja. Bedanya di buka 24 jam. Jam malam kalau lapar silahkan mampir. Suasana lumayan ramai. Tidak terlalu antre. Harga nya lumayan karena ada ditempat yang strategis.,Netral,"Harga, Suasana/Tempat",Rendah
Dhea Karina Viola,Ya,72,1,8 tahun lalu,Tidak,"Kesini pas lagi laper jam 1 dini hari dan bingung mau makan dimana gitu loh, gataunya beehh kyk penyetan biasa aja tapi harganya beh beh beh bayangin aja deh paru dua sendok makan harganya 40rb, belum babat dua sendok, nasi, minum, …",Negatif,"Produk/Makanan, Harga",Sedang
Mohammad iwan Fauzi,Bukan,2,1,setahun lalu,Tidak,"Cukup 1 kali dan terakhir kali, warung setara bintang 1 harga setara bintang 5 , Muaahall gak recomended bikin kantong kering",Negatif,Harga,Sedang
Fauzi Febray,Bukan,1,1,2 tahun lalu,Tidak,"Makan disini pertama kali langsung kecewa, karena harga 1 tusuk paru ga masuk akal, sma es jeruk kemahalan, lele standar lah, tahunya dicek lg karena bau..untuk rasa secara umum okelah..",Negatif,"Produk/Makanan, Harga",Tinggi
yokka prasetya,Bukan,7,1,setahun lalu,Tidak,Makananya enak harga nya murah kalau untuk orang kaya raya lek wong biasa Yo jebol ndas sak dompetmu bos,Negatif,"Produk/Makanan, Harga",Sedang
Fitri Handayani,Ya,7,1,3 tahun lalu,Tidak,"Kemarin ke Surabaya mampir makan disini beli Makan 6 orang lauknya 3 bebek + 2 ayam + 1 paru Minum 5 itupun teh, jeruk, milo …",Netral,"Produk/Makanan, Harga",Rendah
Gading Laraswati,Bukan,6,1,setahun lalu,Tidak,"Muahallk bangett ga ngotakk masak makan orang ber7 kena 900rb kebih 😵😵😵gokill dahal rasanya b aja, kaki lima juga …",Negatif,"Produk/Makanan, Harga",Sedang
temai untong,Ya,9,1,2 tahun lalu,Tidak,"Mahal & rasa biasa saja. Gak usah kesini kalian hati2 digetok harga. Kalau pingin kecewa, monggo cobain sendiri",Negatif,"Produk/Makanan, Harga",Sedang
Febri Elita Sari,Ya,63,1,setahun lalu,Tidak,Sumpaahh kapookk banget makan di sini... Makan 1 orang habis 257.000 cuma makan 1 kerapu bakar 1 nasi putih 1 jeruk... Mending makan di boncafe... Sekelas restaurant berkelas,Negatif,"Produk/Makanan, Harga",Sedang
NaLa,Ya,33,1,4 tahun lalu,Tidak,"Gak dua kali dech makan disini, harganya mahal banget utk warung bkan resto lho ya, lantainya jorok, bnyk tissue bekas berserakan, 3 nasi bebek goreng+3tahu+3tempe+1 terong+2bks kecil kulupan daun ubi+1 bks kecil pete, sambel tomatnya sich enak tapi dikit banget, saya harus bayar 226.000.....nyesel makan disitu.....",Negatif,"Produk/Makanan, Suasana/Tempat",Sedang
Billy Tri Budiartha,Ya,373,4,7 tahun lalu,Tidak,Sambalnya mmg paling juara! Bisa request mau pake cabe berapa aja.. ga salah kalo jd langganan artis. Tp ati2 kalo yg belum pernah ke sini.. jangan kaget sama harganya 😋 …,Netral,"Produk/Makanan, Harga",Rendah
Andri Nasirul Buldan,Ya,36,5,5 tahun lalu,Ya,"Bersama Umik Dewi pemilik RM Padin, sehat dan lancar terus usahanya ya Umik👍🏼 …",Positif,,Rendah
zidan spesial,Bukan,1,1,2 tahun lalu,Tidak,😅 wes cukup 1 kali saja saya kesini sama keluarga .kesan pertama kok 24jam bukax tak kira enak + murah 😂 …,Negatif,"Produk/Makanan, Harga",Sedang
Habib Muhammad,Ya,169,4,8 tahun lalu,Ya,"Sambelnya juara, tempat cukup luas.. Harga moderate",Positif,"Produk/Makanan, Suasana/Tempat",Rendah
Noer Alamsyah,Bukan,2,1,2 tahun lalu,Tidak,semua harga gak masuk di akal mahal bgt..makanan juga B ajah.. tempat panas banyak lalat wes pokoknya gak recomend 👎👎👎hati2 kalo makan disini awas keblondrok …,Negatif,"Produk/Makanan, Suasana/Tempat",Sedang
Enggar NoNi,Ya,133,5,3 tahun lalu,Tidak,"dulu ini fenomenal banged, penyetan dg sambel yg aneka macam dan nampol banged, banyak banged foto2 artis sbg bukti sudah makan disini jg. Harus meningkatkan kualiatas supaya gak tergerus persaingan kuliner yg skrg beraneka ragam. sukses selalu",Netral,Produk/Makanan,Rendah
a,Bukan,3,1,3 tahun lalu,Tidak,"Harganya gila, g worth it dgn rasa dan tempatnya, harganya udh sekelas restoran pdhl rasa dan tempat kaki lima, mending makan d layar aja, harga sama tp rasa dan tempat jauh lbh baik, byk penyetan lbh enak rasanya dan harganya jauh lbh …",Negatif,"Harga, Produk/Makanan",Sedang
Zahri N.A,Bukan,7,1,9 bulan lalu,Tidak,Pantesan ga dikasi harga nasi ayam bungkus aj 50k,Negatif,"Harga, Produk/Makanan",Sedang
Novi Insanul Khak SE (Abu Gilar),Ya,14,1,9 tahun lalu,Tidak,Untuk ukuran SBY....Rasa dan tempat kaya gini termasuk mahal..... Meski buka 24 jam...Harusnya menyediakan lauk yg lebih fresh...bukan yg sudah digoreng setengah Mateng...,Negatif,"Harga, Produk/Makanan",Sedang
AndyOne “Aan” Putra Purnomo,Ya,24,3,3 tahun lalu,Tidak,"Cukup 1 Kali saja buat saya kesini, dan menjadikan pengalaman saja buat saya sekeluarga kesini, sudah tidak bisa menjaga kebersihan tempatnya. Dan juga harga nya sangat Mahal. Bagi yang pengen makan disini, saya sarankan coba saja sendiri …",Negatif,"Harga, Suasana/Tempat",Sedang
Chintia Andhiani,Bukan,11,1,3 tahun lalu,Tidak,"Yg mau makan kesini sebaiknya tnya hrga dlu,sya pesen makan bebek 4 nasi 5 sate paru 2 sate babat 2 pete 2,katanya sambelnya free,minumnya es jeruk 1 dan aqua itu total hbjs 374000,mahall bnget,untuk rasa enak",Negatif,"Harga, Produk/Makanan",Sedang
Novi Dinasti,Bukan,10,5,8 bulan lalu,Tidak,nice tempatnya aja kurang bersih kalau makan lumayan enak,Netral,"Suasana/Tempat, Produk/Makanan",Rendah
tassya zefanya,Ya,42,1,6 tahun lalu,Tidak,"harga gurami besar kecil pukul rata,di resto mewah aja diitung berdasar berat. Es jeruk pun 16 ribu mending beli koi bos ga beda jauh harga. pokoknya MAHAL",Negatif,"Harga, Produk/Makanan",Sedang
meilinda mei,Bukan,9,1,Diedit 6 tahun lalu,Tidak,"MAHAL DAN GA WORTH IT, cuma penyetan biasa, sambel enak sih, tapi gabisa dikatakan yg ""enak banget"" gitu yaelah wkwk. Ikannya juga ga fresh. Pesen es kopyor ekspektasinya segerr gitukan, eh ini malah bikin haus, gaenak bgt lagi kebanyakan …",Negatif,"Harga, Produk/Makanan",Sedang
Melvin Velia,Bukan,2,1,6 tahun lalu,Tidak,"Harga MAHAL, tempat KOTOR, rasa GAK ENAK, gak akan balik lg kok👍🏿 Disesuaikan saja harganya daripada nanti pelanggan bakal kapok👍🏿 Ngawur banget kalau kasih harga, drpd makan disitu ya mending di restaurant, harga gak beda jauh tapi RASA, KUALITAS, TEMPAT jauh jauh jauh lebih BAIK. …",Negatif,"Harga, Suasana/Tempat",Sedang
Erlangga,Ya,84,3,7 tahun lalu,Tidak,"Rasa sambal lumayan enak, tp standar. Tidak ada yg spesial. Menu lauk macam"", ayam, bebek, gurami, jerohan, dkk. Harganya yg mgkn agak sedikit terlalu mahal. Parkirnya lumayan gampang. Cocok d nikmati d waktu malam atau dini hari, karena buka 24jam",Netral,"Produk/Makanan, Harga",Rendah
The costume Closet,Bukan,5,1,setahun lalu,Tidak,Harga mahal banget utk ukuran pinggir jalan. Harga juga biasa aja. Bikin kapok!!!,Negatif,"Harga, Produk/Makanan",Sedang
Tyas Melani - TokoCikmel,Ya,59,2,Diedit 4 tahun lalu,Tidak,harga mahal.rasa biasa aja.pelayanan buruk.gak pernah tersenyum. nasi 2 lele 1 ekor …,Negatif,"Harga, Pelayanan/Staf",Sedang
Achmad Moenawir Ismail Harun,Ya,31,1,7 tahun lalu,Tidak,Tambah mahaL dengan rasa yang biasa dan tidak istimewa... hanya di tembok banyak dipenuhi orang terkenaL.... Gurami aja 80 ribu di tambah tahu tempe terong nasi sambeL es jeruk jadi 140 …,Negatif,"Harga, Produk/Makanan",Sedang
Yuli Rejias,Ya,56,5,7 tahun lalu,Tidak,"Pagi-pagi banget lapar, pengen yang model sambelan. Nah biasanya malam kan adanya. Tapi kalo pagi udah ngidam ya cuss aja meluncur kesini. 24 jam lhoo... Termasuk ngetop kok, banyak foro selebritis yang pernah mampir bersama pemilik …",Positif,"Produk/Makanan, Suasana/Tempat",Rendah
novika dewi,Ya,20,3,3 tahun lalu,Tidak,"Harganya nggak masuk d akal.. Walau terkenal tapi ya nggak mahal2 gitu lah ya, sambelnya biasa aja kalau menurut aq, nggak ada istimewanya tapi mehong banget.. Cuman pelayanannya cepat",Negatif,"Harga, Produk/Makanan",Sedang
Dwi Panji,Bukan,3,1,setahun lalu,Ya,Harga tidak masuk akal. Cukup sekali saja.,Negatif,Harga,Sedang
imam bukhori,Bukan,5,1,setahun lalu,Tidak,"Jangan kesini deh kalo ga mau kapok sama harganya. Rasa biasa aja tp harga luar biasa, pokox klo ga mau kapok jgn ksni",Negatif,"Produk/Makanan, Harga",Sedang
John Heryanto,Ya,346,4,7 tahun lalu,Tidak,"Barusan saya dan teman-teman makan disini dengan ikan lele, bebek, pete, terong dan sambal. Warung ini buka 24 jam, jadi tak perlu hawatir jam berapapun pasti buka. Untuk makan disini dengan ikan lele, tempe, nasi dan teh manis sebesar 34 …",Netral,Produk/Makanan,Rendah
anisya turtle,Bukan,1,1,7 tahun lalu,Tidak,"1. Kualitas nasi sangat buruk 2. Sambalnya gak ada rasanya, cuma pedes doank 3. Bumbu ikan bakarnya kurang terasa …",Negatif,Produk/Makanan,Sedang
Bayu Xp,Ya,196,3,3 tahun lalu,Ya,"rasa lumayan, entah apa yang buat mereka ramai, yaa okelah buat yang penasaran dan mau incip incip. …",Netral,Produk/Makanan,Rendah
rika marini,Ya,327,3,7 tahun lalu,Tidak,"Tempat makan yg buka 24 jam, lokasi berada di dekat BG junction, seberang pasar blauran. menu makanan di tempat ini berbagai macam bakaran dan goreng cuma sygnya ikannya …",Netral,"Produk/Makanan, Suasana/Tempat",Rendah
Hanif Syafei,Ya,11,5,3 tahun lalu,Tidak,"Rasa makanan enak, gurih, pilihan sambel dan lauk beragam, tapi untuk harga sedikit lebih mahal dibanding dengan rata-rata masakan di warung makan serupa. Tapi patut dicoba, karena banyak selebriti yang pernah mampir, terlihat dari photo-photo dokumentasi yang terpajang.",Positif,"Produk/Makanan, Harga",Rendah
Suryani Lilis,Bukan,10,1,2 tahun lalu,Tidak,"Kaget banget gua makanan biasa saja dan tempat sangat kotor seperti kaki lima tapi harganya ampun dah, sangat tidak masuk akal, penipuan gak sih ini",Negatif,"Produk/Makanan, Suasana/Tempat",Tinggi
Franky Toyota,Ya,122,5,6 tahun lalu,Tidak,"Pennyetannya enak, rasanya makyuss sambalnya, ada sambal pencit juga. Penyetannya lengkap, mulai aneka ikan, terong, tahu tempe, bebek,ayam, lalapan, sayur-sayuran, seafood, cumi, udang, aneka sambal, tempanya luas, berada di …",Positif,"Produk/Makanan, Suasana/Tempat",Rendah
Martinus David,Ya,8,2,4 tahun lalu,Tidak,"Sambalnya lumayan enak, tapi waktu bayar, rasa enak sambalnya hilang seketika karena mahal banget.... seharusnya harganya dicantumkan di lembar pemesanan, supaya tidak terkesan 'menjebak'",Negatif,"Produk/Makanan, Harga",Sedang
niko GG,Ya,25,2,3 tahun lalu,Tidak,"Lumayan enak,tapi sayang di lembar menu tidak dicantumkan harga,sehingga saat membayar pihak pengelola dapat menentukan harga seenaknya,apalagi harganya berkesan overprize.",Negatif,Harga,Sedang
adda akib,Bukan,2,2,2 tahun lalu,Tidak,"Pengalaman buruk bgt... Makanan biasa saja,...masa makan 8 org harga 905,000 😱😱 ini sich gila yaa... Tidak recommend lah Rasa B aj 😩😠 …",Negatif,"Produk/Makanan, Harga",Sedang
Nina,Ya,75,2,2 tahun lalu,Tidak,"Belum menemukan enaknya dimana Menangnya disini buka 24jam Tapi untuk sambalnya, gabisa dirasakan. Udangnya juga amis, masih ada kotoran kepalanya",Negatif,Produk/Makanan,Tinggi
larasati permata ardhya garini,Ya,20,1,setahun lalu,Tidak,"Sumpah harganya ga masuk akal di luar nalar.... Ga worth it bgt. Untuk rasa standard,",Negatif,"Produk/Makanan, Harga",Sedang
Nella Siregar,Ya,14,5,2 tahun lalu,Tidak,"harga makanan nya cukup mahal tapi untuk rasa sangat enak tenan, sudah banyak artis yg makan disini jadi tempatnya cukup populer karna cukup banyak artis yg singgah untuk makan disini …",Positif,"Produk/Makanan, Harga",Rendah
raka amin,Ya,21,1,6 tahun lalu,Tidak,"saya cuma pesan ikan 2 tahu tempe nasi 2 habisnya 275 , setelah bayar dan aku koreksi notanya ternya ada menu yg ga aku pesan di masukin di nota. padahal menu prasmananya juga di depan kasir langsung. yasudah lah semoga warung nya tambah barokah",Negatif,Harga,Sedang
Drs. Yan Kurnianto,Ya,190,4,2 tahun lalu,Tidak,"Mirip spt masakan Sunda, banyak variasi terhidangkan, bakar, goreng dll lengkap, cita rasa yg cukup enak. Harga terjangkau",Positif,"Produk/Makanan, Harga",Rendah
Fitra Mastraa,Ya,492,5,6 tahun lalu,Ya,Kuliner 24 jam di sby....idola kalangan selebritis tanah air....mantull,Positif,Produk/Makanan,Rendah
Faiqotul Himmah,Bukan,5,1,setahun lalu,Ya,"INI JUALAN / MALAK ? HARGA GAK WAJAR SIH JANGAN KESINI , HATI HATI",Negatif,Harga,Tinggi
Bambang Sutrisno,Ya,14,1,setahun lalu,Tidak,"Harganya di luar nurul,kualitas rasa seperti penyetan pada umumnya 😃 …",Negatif,"Harga, Produk/Makanan",Sedang
Mama Baim,Ya,172,4,3 tahun lalu,Tidak,"Tempatnya luas.. kita bisa pilih sendiri.. harga bersaing, tp menurut saya lebih mahal drpda tempat lain dgn varian serupa. Yang spesial sambel dan gelas jumbonya..",Netral,"Suasana/Tempat, Harga",Rendah
Ratna Dewi,Ya,76,5,6 tahun lalu,Tidak,Tempat favorit makan penyetan di surabaya. Tersedia menu goreng dan bakar. Sambel mantaapp belum ada yg ngalahin. Kalau porsi besar. Disarankan beli sambal yg pedas dan sedang. Karena cukup bangak porsi sambalnya bisa untuk ramai2. Sayurnya juga enaakķ,Positif,"Suasana/Tempat, Produk/Makanan",Rendah
Nonie Barra,Bukan,10,1,7 tahun lalu,Tidak,Mahal banget cuma makan ati ampela ayam paha atas pete es teh nasi 52 ribu :) untuk sambel memang juara tapi menurut saya harga sangat diluar nalar 😂 karena penyetan ini rasanya seperti penyetan warung kaki lima …,Negatif,"Harga, Produk/Makanan",Sedang
Soetrisno Drive,Ya,201,4,4 tahun lalu,Tidak,Yg bawa uang minim...hati2..lauknya mahal2.. contohnya: ayam sepotong kecil = Rp.28.000 ..nasi sepiring = Rp 8000 ( = 1kg beras)..ampunan..billnya g ada PPN nya...celakaa .,Negatif,"Harga, Produk/Makanan",Sedang
Retno Widaningrum,Bukan,10,1,6 tahun lalu,Tidak,"Dulu varian lauknya banyaak, kmrn hanya beberapa macam sj alias standar, tidak fresh. Dan sambelnya yg dulu sangat segar dan mantab, kmrn rasanya standar jg. Pelayanan kurang ramah. Harga cukup mahal.",Negatif,"Produk/Makanan, Pelayanan/Staf",Sedang
Vy,Ya,61,1,6 tahun lalu,Tidak,"TEMPAT SANGAT JOROK, HARGA SANGAT MAHAL (makan ber 4 350rb), RASA TIDAK ENAK. Lauk gak fresh (krn udah di masak 1/2 matang n di jemur diatas piring prasmanan yg tak tertutup, lokasi pinggir jalan besar daerah pasar blauran. Kebayang …",Negatif,"Suasana/Tempat, Harga",Tinggi
Savira Roselly,Ya,27,2,4 tahun lalu,Tidak,Enak tapi overpriced banget buat tempat yg kaya gitu. Kayak kurang cocok gitu dgn harga segitu tapi atmosphere restonya gak banget. Bahkan yg resto dengan fasilitas ac dan kebersihan lebih bagus harganya ga se-overpriced itu. …,Negatif,"Harga, Suasana/Tempat",Sedang
Jalan Jajan1988,Ya,55,3,3 tahun lalu,Tidak,"Pertama kali datang, yang pertama adalah ramai banget, parkir mobil juga agak susah karena ramai, terus tempat makannya ramai jadi agak panas kalau lama nunggu pasti ga akan kuat. …",Negatif,"Fasilitas/Parkir, Suasana/Tempat",Sedang
Tri Wahyuni,Bukan,2,3,5 tahun lalu,Ya,"Baru pertama kali makan di sini.,sayang nya gak ada menu makannya.jd kita pesan langsung di catat gitu aja,kaget sech ternyata habis nya bnyak jg.sambal nya enak sech,,tp harga nya itu looh😂. …",Netral,"Pelayanan/Staf, Harga",Rendah
SINGGIH PAMUNGKAS,Ya,100,3,2 tahun lalu,Tidak,"Mau makan penyetan yg super mahal ya... disini tempatnya, Kalo soal rasa urusan lidah masing-masing, klo lidah dan lambungku gak recomend sih. Layanan sdh lebih baik.",Netral,"Harga, Produk/Makanan",Rendah
Prima Utama Brahmana,Ya,234,5,7 tahun lalu,Tidak,"Harga mahal sih. Tapi worthy lah. Bagi yg ngaku jago pedas. Pesan sambal extra pedasnya jamin terbakar lidah dan bibir. Makanannya enak, sambelnya enak dan yang terpenting bisa pilih dan ambil sendiri lauknya",Positif,"Produk/Makanan, Harga",Rendah
Eka Pradana,Ya,38,1,9 bulan lalu,Ya,Harga gak masuk akal. Kapok !!! Gak Munggah kaji rugi cok,Negatif,Harga,Sedang
aditya didi,Ya,36,4,6 tahun lalu,Tidak,"Sambal nya pedas nya mantap, lauk nya beragam, banyak kalangan artist klo ke surabaya makan disini, buka 24 jam, tp termasuk kategori makanan agak mahal sekelas penyetan",Netral,"Produk/Makanan, Harga",Rendah
Hery Supriyadi,Ya,245,3,8 tahun lalu,Tidak,"Bagi penggemar pedas, mungkin ini dapat menjadi pilihan, walau namanya Padin Nasi bebek ternyata ada juga pilihan menu yg lain. Tapi .... menurut saya .... soal harga, cukup lumayan mahal untuk wilayah Surabaya, dibanding dengan Jakarta yg kota besar. Ini menjadi pengalaman sy yg pertama di Surabaya.",Netral,"Produk/Makanan, Harga",Rendah
Tiara Geerby Alicia,Bukan,6,1,3 tahun lalu,Tidak,Ga worth it harga yg over price sm rasanya so very bad:) ikan gurame seperti kurang bersih dan ga kerasa apa” dan sisik juga masih kurang bersih jd mikir lg buat kesini thx!,Negatif,"Produk/Makanan, Harga",Sedang
Yunanda Arimbi Setyaning Budi,Ya,11,2,4 tahun lalu,Tidak,"Rasa kaki lima harga bintang lima, klo ada yg bilang "" oh mahal ya, sadar diri aja pangsa pasar bukan elo!"" W jawab : emaang w sadar diri, masih banyak masakan lebih enak dgn harga yg relatable dr ini :)",Negatif,"Produk/Makanan, Harga",Sedang
matchalatte channel,Ya,45,1,8 tahun lalu,Tidak,"tempat kotor, gelas pun kotor. es teh 16rb pdhl tempat juga gk kyk restoran mewah. rasanya biasa aja, gk ada yg istimewa. mahal sih untuk ukuran tempat makan kyk gini.",Negatif,"Suasana/Tempat, Harga",Sedang
Gagah Sukmadi,Bukan,2,1,setahun lalu,Ya,"gaenakk mahall pol gendeng, ngalah ngalah i restoran ae gendeng",Negatif,"Produk/Makanan, Harga",Sedang
Ayu widyawati,Bukan,2,1,6 tahun lalu,Tidak,"Gak akan kesana ke 2x nya , tidak worth it untuk dimakan , tidak sebanding antara kualitas tempat dan harga , mahal , tidah higienis , ikan tidak segar , dan kenapa tidak ada pricelist. Sehingga waktu ke kasir shock tiba2 habis banyak 🙄🙄🙄🙄🙄👻👻👻 …",Negatif,"Produk/Makanan, Harga",Tinggi
dewi venezia,Bukan,3,1,3 tahun lalu,Tidak,Ikan kerapu kecil 1. Paru 1. Ayam 1. …,Negatif,"Produk/Makanan, Harga",Sedang
Rea Reo,Ya,37,5,7 tahun lalu,Tidak,Depot yg terletak di raya Kranggan ini sangat ramai oleh pengunjung... Namun jangan khawatir. …,Netral,Suasana/Tempat,Rendah
husna azp,Bukan,4,1,8 tahun lalu,Tidak,"Lalapan muahall rasanya pas-pas an Mahal tapi rasanya enak gk ada masalah, ini rasanya seperti abal abal, tidak sesuai dg harga... mkan ayam dan lele, es jeruk habis 100rb, ayamnya basi 👎 …",Negatif,"Produk/Makanan, Harga",Tinggi
affan basmalah,Ya,15,1,7 tahun lalu,Tidak,"Harga dan rasa ibarat 2 kutub (-) dan (-) yg saling menjauh.. alias harga restaurant, rasa kaya emperan. Kalo ngajak tamu sekalian aja dah ke restaurant macam pri*ara*a jelas lebih bersih, lebih enak dan yg jelas malah ga semahal di padin..",Negatif,"Produk/Makanan, Harga",Sedang
Andry Sugiarto,Ya,42,2,9 tahun lalu,Tidak,"Rasa Biasa aja. Sambel pedes oke, mahal bingit untuk 1 potong ayam aja 23rb. Lokasi oke lah strategis. Tempat agak kotor tp kenapa artis banyak yg makan disini ya???",Netral,"Produk/Makanan, Harga",Rendah
Kurnia Rachmat Ramadhan,Ya,9,3,7 tahun lalu,Tidak,"Mahaal cuy, mahal karna banyak foto artisnya si kayanya xD Dan ini penilaian subyektif di mata orang kere kaya saya yaa, hehee Kalo yang punya pohon uang, laper pas tengah malem, pengen penyetan, boleh lah mampir di sini, garansi gabakal kehabisan tempat duduk dahh 😁 …",Netral,Harga,Rendah
Abu Aufa,Ya,41,1,3 tahun lalu,Tidak,Mahal bgt utk sekelas warung. Ngga worth it bgt harga ama rasanya. Skrg byk yg murah. Tlg menu diksh hrg nya,Negatif,"Harga, Produk/Makanan",Sedang
Hendra Hadiwijaya,Bukan,7,5,7 tahun lalu,Tidak,"Buka sampai malam banget gaes... Pilih lauk yg mau di makan, baru bawa ke kasir untuk di total pembelian, lalu akan di eksekusi sama si penggorengan... 😁😁 Untuk rombongan mending berbagi sambelnya gaes, karena sambelnya pedes banget... …",Positif,"Produk/Makanan, Pelayanan/Staf",Rendah
Kukuh Prayogo “Kukuh R” Rindiarto,Ya,222,2,9 tahun lalu,Tidak,Warung makan yang buka 24 jam. Menu makanannya bervariasi tinggal pilih lauk ayam/ikan mau dibakar atau digoreng dengan tambahan sambal yang macam macam. Hanya saja harga yang ditawarkan kemahalan untuk warung makan pinggir jalan apalagi tempatnya kotor banyak pengamen pula.,Negatif,"Harga, Suasana/Tempat",Sedang
Novela Mutiara,Ya,23,1,7 tahun lalu,Tidak,"Harga mahal , rasanya B aja, mending makan di penyetan pinggiran, ga rekomen sih menurut saya , mending bebek purnama kalau buat bebeknya, 1 potong 40rbu TIDAK termasuk nasi lalapan dan sambal serta minumnya",Negatif,"Harga, Produk/Makanan",Sedang
Anita Mayasari,Bukan,6,1,setahun lalu,Tidak,"Mahal bgt & rasa sangat tidak sesuai, heran kok org pada makan disin 🙃 …",Negatif,"Harga, Produk/Makanan",Sedang
Rara Tera,Bukan,3,1,7 tahun lalu,Tidak,"Gak usah makan disini, mahal bgt dan ga enak. Ga akan makan disini lg. Tadi ada bapak2 kejebak harga kasian. Pokoknya ga usah makan disini, banyak penyetan lebih enak lebih murah. Dorang kecil aja 1 ekor 70rb.",Negatif,"Harga, Produk/Makanan",Sedang
Ocha Oink,Bukan,7,1,3 tahun lalu,Tidak,"Makan 2 orang abis 250 han kakap merah bakar 1 ekor 145rbu woww,, sekali .kadang berubah2 harga enya semaunya kasir gitu..bikin orang kapok ..",Negatif,"Harga, Pelayanan/Staf",Sedang
Shylfia Winata,Ya,85,5,5 tahun lalu,Ya,Varian menu lauknya banyak. Bisa pilih bakar ato gorong juga. Begitu juga aneka macam sambal dan level pedesnya. Jadi bisa pilih sesuka selera. Klo soal harga bisa dibilang agak mahalan ya. Tp ya ada rasa ada harga. Da pasti enak dong.,Positif,"Produk/Makanan, Harga",Rendah
IDA S,Ya,772,3,Diedit 5 tahun lalu,Tidak,"Aneh tapi nyata dng harga segitu muahaal tapi masih ramai pengunjung bagi yg kantongnya tipis pergi sambil nggerutu kapok gak balik lagi, biar enak klu harga mencekik ya gimana mending beli nya di bandara",Negatif,Harga,Sedang
inner side,Bukan,2,1,setahun lalu,Tidak,"MAHAL PUOL, udh kayak restoran layar seafood aja gila! stress! Udah tempat kumuh, kotor, kaya sampahh!",Negatif,"Harga, Suasana/Tempat",Sedang
sherly imuet,Ya,57,3,7 tahun lalu,Ya,"Sambelnya joss harganya juga joss,buat yg mau coba jgn kaget joss tenanan.😁😎 …",Netral,"Produk/Makanan, Harga",Rendah
Indra Susandi,Ya,385,4,6 tahun lalu,Tidak,"Berada di keramaian. Jenis makanannya ikan-ikan seperti kakap, gurame dll. Enak sih tapi harganya mahal yak🤣. Makan bertiga kirain 200-an ternyata 340-an. Terpaksa deh teman cari ATM🤦🏽♂️ …",Netral,"Produk/Makanan, Harga",Rendah
Tris Su,Bukan,1,1,11 bulan lalu,Tidak,Harga mahal. Es jeruk 27rb Bebek 45rb,Negatif,"Harga, Produk/Makanan",Sedang
Arief Nur Rahman,Ya,128,4,4 tahun lalu,Tidak,"Mungkin karena kondisi malam itu sangat ramai jadi mas”nya sempet salah ngasih sambel, salah satu pesenan sy sambell bawang, tapi dibawain sambel bajak, tapi gpp, langsung diganti sama masnya👍🏻 kalau nggoreng paru terlalu panas minyaknya, …",Netral,"Pelayanan/Staf, Produk/Makanan",Rendah
Zahwa Karlina,Ya,34,3,8 tahun lalu,Tidak,"Banyak aneka makanan enak2, dan sambelnya juga enak. Lokasi juga berada di tengah kota, nilai plusnya warung ini buka 24jam. Sayang harganya memang agak mahal hehehe, klo mau kesini biasanya pas awal2 abis gajian aja hahah",Positif,"Produk/Makanan, Harga",Rendah
MICHAEL JANITRA,Ya,430,2,2 tahun lalu,Tidak,Layanan penjual di bagian sisi dekat pusat belanja modern sangat tidak ramah dan tidak sopan. Pelanggan yang bertanya dulu dianggap mengganggu dan dengan kata yang kasar seolah mengusir pelanggan. Cukup sekali ini saja menikmati hidangan di sini. Rasa tidak ada yang spesial sehingga ingin kembali,Negatif,"Pelayanan/Staf, Produk/Makanan",Sedang
Ekky Priyambodo,Ya,62,1,4 tahun lalu,Tidak,Mahal es jeruk 1 gelas 18 rb. akhirnya beli es jeruk aja. Cuma bawa duit 20 rb 2 ribunya buat parkir.,Negatif,"Harga, Fasilitas/Parkir",Rendah
Anny Lathifah,Bukan,3,1,2 tahun lalu,Tidak,"Harga ndak masuk akal, mahal sekali,,, Ndak bs bayangkn, kalo setiap hari ada pembeli yg kecewa & terlontar kalimat² buruk utk penjual,,, …",Negatif,Harga,Sedang
Omy Wijaya,Ya,39,2,Diedit 5 tahun lalu,Tidak,"Makanannya oke enak. Tapi yaa jika harga semakin mahal, pelayanan dan fasilitas HARUSNYA makin bagus juga. Saya melihat air di kamar mandi, air cuci tangan dari keran maupun dari bak tidak jernih dan bersih. Saya kecewa, air itu segala2nya …",Negatif,"Produk/Makanan, Fasilitas/Parkir",Sedang
Muhammad Irwandi,Ya,173,1,setahun lalu,Tidak,"Makan disini kudu lihat menu, tanya harga... Pantesan banyak yg komen miring dan bintang 1.....",Negatif,Harga,Rendah
Wahyu Ardani,Ya,387,1,8 tahun lalu,Tidak,"Untuk tempat yg d pinggir jalan, warung ini asli muahal bgt,, ngalah2i resto.. Es jeruk aja 16 rb, kl tmpt ok sih gpp y kita bayar tmptnya jg utk nongkrong, lha ini tmpt juga krg brsih, kl menyajikan minuman jg krg sopan, g pake baki atau …",Negatif,"Harga, Suasana/Tempat",Sedang
BigCoco Pharmacist (Oscar),Ya,21,3,7 tahun lalu,Tidak,Saya rasa biasa aja krn tidak ada yg spesial dan bahkan ikan yg mau kita beli sdh di goreng spt setengah matang dan di pajang di atas meja yg notabene langsung berhadapan dg jalan raya.. kalau saya pribadi kurang suka krn jg bs jadi ada bakteri atau debu yg nempel di makanan tsb.,Negatif,Produk/Makanan,Sedang
Julius Caesar,Ya,54,1,7 tahun lalu,Tidak,Kelebihan : - Harga ngak masuk akal karena mahal gilaa - Tidak ada buku menu dan patokan harga yg jelas …,Negatif,Harga,Rendah
Ny. Deesy,Ya,59,1,6 tahun lalu,Tidak,"Mehoongg syekalee sih ini.. masa makan berdua, ikan gurame 1, nasi 2, tahu tempe, es teh 2 ajaa hmpir 200rb😅😅 gilaa... apa krna banyak foto artis nyaa jd harganya selangit???! …",Negatif,"Harga, Produk/Makanan",Sedang
lutfil Hakim,Ya,375,3,6 tahun lalu,Tidak,"Yah disini terkenal dengan mahalnya harga makanannya, g tahu apa yg buat mahal.so...seperti kata temen saya:bertanyalah sebelum membeli.jangan malu kalo nantinya bisa buat untung",Negatif,Harga,Rendah
Dawin Sienda,Ya,31,4,7 tahun lalu,Tidak,"Sangat membantu bagi yang kelaparan tengah malam dan cari tempat makan yang jual dengan lauk yang macam2 ( Penyetan ), karena buka 24 jam. Pelayanan cepat, untuk rasa standard pada umum nya menu penyetan. Denger2 banyak artis yang makan disini, banyak foto2 artis yang di tempel. Keep up the good works!",Positif,"Pelayanan/Staf, Produk/Makanan",Rendah
Diah Kusuma,Bukan,11,1,7 tahun lalu,Tidak,"Mahaall.....rasa biasa aja daging ayam dan bebek kayak sandal jepit, keras,harga luar biasa bikin kaget gak..mending penyetan pinggir jalan gak nguras kantong,teh nya bening kayak aer gula 👎👎👎 …",Negatif,"Harga, Produk/Makanan",Sedang
ihsan mcfadden2,Ya,10,1,setahun lalu,Tidak,"Makan ikan kakap harga 130rb, tp sisik ikan nya gak bersih, gak nyaman di mulut",Negatif,Produk/Makanan,Sedang
Akhmad Faisol,Ya,21,1,5 tahun lalu,Ya,"Harganya SANGAT MAHAL., sangat tidak wajar ,saya tidak akan kembali kesini lagi..!!!!!!",Negatif,Harga,Sedang
Dyah Putri,Ya,82,1,7 tahun lalu,Tidak,"Harga MAHAL, gak sebanding sama rasanya, banyak yang kejebak karna gak ada tulisan harganya. Mending gak usah kesini cari tempat makan lain aja yang lebih enak dan murah dari pada menyesal",Negatif,"Harga, Produk/Makanan",Sedang
TN. TFX,Ya,28,5,7 tahun lalu,Ya,Sambal ektra pedas padin,Positif,Produk/Makanan,Rendah
Julycious86,Ya,172,5,Diedit 2 tahun lalu,Tidak,Salah satu tempat makan yg hits di Surabaya Artis² Indonesia sudah banyak yg mampir kesini menu bebeknya bisa di goreng sm dibakar selalu mampir dech klo lg melintas di sini,Positif,"Produk/Makanan, Suasana/Tempat",Rendah
raditya aryadi,Ya,260,5,Diedit 8 tahun lalu,Tidak,"Banyak pilihan lauk, ada bebek, ayam, usus, ati ampela, tahu tempe, dll. Urutan untuk makan di sini sbb: datang > ambil piring > pilih lauk > kasir > bayar > lauk digoreng > cuci tangan > makan > kenyang. :-) …",Positif,"Produk/Makanan, Pelayanan/Staf",Rendah
yuwan Yucanidia,Ya,88,4,8 tahun lalu,Tidak,"Mahal, tapi sambelnya mantebb banget. Jadi walaupun mahal sebulan sekali saya ke sana karena kangen sambelnya.. 😊 Bagi yang suka pedas wajib coba. Jangan luoa sertakan kata kunci ""pedas"" pas di kasir. …",Positif,"Produk/Makanan, Harga",Rendah
Irna Susanti,Bukan,2,1,7 tahun lalu,Tidak,ikan dorang yg kita pesan basi sudah kasih tau ke kasir malah yg punya ngomel ktnya gak ad yg complain sm customer yg lain pdhl ikan nya sudah gk fres dan akhirnya suami pemilik nya mengganti dgn yg baru dan mengakui bahwa itu ikan tadi …,Negatif,"Produk/Makanan, Pelayanan/Staf",Tinggi
Wahyu Vin,Ya,20,4,7 tahun lalu,Tidak,Warung hits..banyak artis yang berdatangan kesini..karyawannya ramah²..untuk harga makanan mungkin dikhususkan untuk orang menengah keatas..rasa makanan worth it lah sama harganya...sambelnya sangat enak...kritik dan saran yaitu tempatnya …,Positif,"Produk/Makanan, Pelayanan/Staf",Rendah
Ryan Dhika,Ya,78,5,7 tahun lalu,Tidak,"Padin ikan goreng - bakar terletak di pusat kota surabaya tepat nya di jalan blauran banyak menu ikan di sana dan ada juga menu lain nya ati ampela,ayam goreng,bebek goreng dsb ada juga aneka lalapan terong,daun singkong,pete dll …",Positif,"Produk/Makanan, Suasana/Tempat",Rendah
EN Sofyanita,Bukan,7,1,2 tahun lalu,Tidak,"Aseli mahal banget makan mana rasanya B aja. Enggak lagi2 deh. Dan untuk kebersihan, tempatnya kotor. Banyak lalat.",Negatif,"Produk/Makanan, Harga",Sedang
Wu Anthony,Ya,1091,5,7 tahun lalu,Tidak,"Harga standard keatas, Makanan seafood yang enak dgn porsi jumbo, Tempat strategis, …",Positif,"Produk/Makanan, Harga",Rendah
Risnadinar Cika,Ya,83,3,Diedit 8 tahun lalu,Tidak,"Sambelnya enak, jarang di Surabaya nemuin sambel jeruk. Harganya cenderung agak mahal, jadi hati-hati kalau mau pilih menu karena diawal tidak ada harga resmi tercantum.",Netral,"Produk/Makanan, Harga",Rendah
Dita rustanti,Ya,349,4,7 tahun lalu,Tidak,Sukaa banget ama sambalnya disini. Tapi harga lalapannya mahal2. Hehehe.. tapi tetep aja kadang2 kesini klo kangen sambel. Mantap bener sambalnya. Plusnya dia buka 24 jam.,Positif,"Produk/Makanan, Harga",Rendah
Aulia,Ya,718,4,8 tahun lalu,Tidak,"Lokasinya gampang dicari, karena tulisan tempatnya memang gede banget dan emang udah ngetop sih Tapi menurut saya agak mahal …",Netral,"Harga, Suasana/Tempat",Rendah
DIDIK MUHAMMAD,Ya,292,3,7 tahun lalu,Tidak,Begitu datang lnsg di kasih piring di suruh milih ikannya kakap dorang krapi gurami dll mau di goreng apa yg di bakar cukup terkenal sih di dindinnya ada beberapa foto artis dan pejabat untuk hrg kayaknya kurang pas sama tampilan klo menurut saya hrg nya sekelas resto yg milih ikannya di aquarium...bgt ok silahkan mencoba,Netral,"Produk/Makanan, Harga",Rendah
Indra I. Rakatiraina,Bukan,3,1,setahun lalu,Tidak,Masih gak habis pikir SATE PARU 48 REBU. Kalo setengah kilo gapp sih harga segitu,Negatif,"Produk/Makanan, Harga",Sedang
Erwin Eriyanto,Bukan,2,1,2 tahun lalu,Tidak,Harga mahal untuk kelas lalapan. Sudah lama tidak makan disini. Kaget banget waktu disodori notanya untuk makan ber 3.,Negatif,"Harga, Produk/Makanan",Sedang
Google Sharelocation,Ya,7,3,5 tahun lalu,Tidak,"Review jujur, rasa lumayan, nasi banyak, termasuk mahal jika dibandingkan dg yang lain, pas beli ada pengalaman mengecewakan, tidak dikasih nota printout padahal itu ada, malah dikasih yg nota tulisan tangan tanpa stempel, padahal itu akan diklaim di kantor, akhirnya tidak bisa klaim. 😑😔 …",Negatif,"Produk/Makanan, Harga",Sedang
Indah Kusuma,Bukan,10,2,5 tahun lalu,Tidak,"Terlalu mahal buat depot sebiasa gitu, padahal ya biasa aja rasanya. Kamar mandi/wastafel nya kotor. Nasi nya tidak punel. Kalau untuk sambelnya sih oke.",Negatif,"Harga, Suasana/Tempat",Sedang
Vallen Ria,Bukan,1,1,4 tahun lalu,Tidak,Sangat tidak masuk akal harga ikan bandeng nyah satu ekor 110rb gila! Gak lagi deh makan dsitu harga di bikin ga masuk akal,Negatif,Harga,Sedang
Its Yulianti,Bukan,3,1,7 tahun lalu,Tidak,3 es teh 27.000 2 potong bebek 63.000 2 porsi nasi 14.000 …,Netral,Harga,Rendah
Piter Harianto,Bukan,3,1,10 bulan lalu,Tidak,Hati2 mahal banget..gk masuk akal harganya,Negatif,Harga,Sedang
Margo Utoyo,Ya,572,3,6 tahun lalu,Tidak,"Lumayan banyak pilihannya disini, namun bagi yang belum pernah kesini perlu menanyakan harga dulu karena jika Anda bandingkan dengan Ikan Penyetan lainnya mungkin saja disini lebih mahal dan sambelnya minta sesuai kebutuhan saja, sebab disini sambelnya disini bayar sendiri.",Netral,"Harga, Produk/Makanan",Rendah
Iid Mufidah,Ya,110,4,8 tahun lalu,Tidak,"Sambalnya mantap tdk ada duanya, porsi nya besar, but harganya cukup menguras kantong. Mejanya tolong di perhatikan agak sedikit kotor .",Netral,"Produk/Makanan, Harga",Sedang
Ayu Setyaningrum,Ya,56,1,6 tahun lalu,Tidak,"MAHAL! Tempat kotor, makanan ga ada rasanya. Yg menang cuma sambel, minum, sama buka 24 jam. Agak bingung jg kok bs rame n org bilang ini enak👎 …",Negatif,"Harga, Suasana/Tempat",Sedang
Dian Kusuma,Ya,37,4,8 tahun lalu,Tidak,"Pilihan lauknya byk banget. Cuma kalo siang, menunya g selengkap kalo malam. Sambelnya mantabb. Sebanding ama harganya y. Cuma lokasi parkir mobil agak susah, dapetnya agak jauhan.",Positif,"Produk/Makanan, Fasilitas/Parkir",Rendah
Putri Ayu S. Sos,Ya,292,3,2 tahun lalu,Tidak,"Yg enak sambelnya aja. Lainnya standar. Kmrn makan ikan, ikannya agak, maaf bau, kurang segar. Goreng ayamnya terlalu kering, keras.",Negatif,Produk/Makanan,Sedang
parkercasio,Bukan,12,3,7 tahun lalu,Tidak,Kalo mencari makan tengah malam yg buka 24 jam disini recommended.. tapi kudu siapin budget besar ya.. agak mahal untuk ukuran penyetan :) tp overall enak kok,Positif,"Harga, Produk/Makanan",Rendah
johan haga,Bukan,3,1,8 tahun lalu,Tidak,Warung kali lima Rasa kaki lima Harga bintang lima .. …,Negatif,"Harga, Produk/Makanan",Sedang
Febry Anto,Ya,569,4,9 tahun lalu,Tidak,"Pilihan penyetnya banyak, mulai dari ikan sampai ayam. Untuk harga sekali makan dengan menu nasi, tahu, tempe, pecel ayam, dan teh sekitar Rp.35.000.",Positif,"Produk/Makanan, Harga",Rendah
Sultan Ozay,Ya,117,1,4 tahun lalu,Tidak,MAHAL untuk sekelas saya... 3 ayam 2 lele es teh 5 nasi 6 sdh 300rb an... Rasanya kyk penyetan pada umumnya...,Negatif,"Harga, Produk/Makanan",Sedang
Nugy Febriyan,Bukan,4,1,4 tahun lalu,Tidak,"makanannya rasanya b aja didisplay di pinggir jalan, tempatnya juga b aja, harganya mahal bgt pokonya ga worth it, enakan penyetan mba wati dan penyetan bang ali 👍🏼 …",Negatif,"Harga, Produk/Makanan",Sedang
JTL LTJ,Ya,17,4,Diedit 8 tahun lalu,Ya,"Bumbu kuningnya ga seenak dulu, agak menurun, dan harganya terasa sedikit kemahalan buat ukuran warung Tp overall good, utk warung yg sdh punya nama 7/10 lah",Netral,"Produk/Makanan, Harga",Rendah
khozin emerald,Ya,172,2,5 tahun lalu,Tidak,"Sangat disayangkan....warung yg sdh punya nama dg pajangan kunjungan banyak artis, harga medium, tp ikan yg disajikan kurang segar... jadi sangat mengurangi rasa...mengecewakan sekali...",Negatif,Produk/Makanan,Sedang
Ayu Priskila,Bukan,10,2,6 tahun lalu,Tidak,Rasa.a B aja . tempat tidak nyaman . Harga sangat MAHAL tidak sesuai dengan kualitas rasa dan pelayanan.a Peyetan sperti ini kok bisa mahal banget . Jujur lebih enak penyetan pinggir jalan malahan,Negatif,"Produk/Makanan, Suasana/Tempat",Sedang
Julia Ratna,Ya,70,5,8 tahun lalu,Tidak,Sambelnya juara banget pedesnya. Tiap kali temen yang datang ke Surabaya selalu minta diantar ke sini. Meskipun dari sisi harga untuk makanan penyetan mahal sih tapi sepadan lah.,Positif,"Produk/Makanan, Harga",Rendah
chayara beauty life,Bukan,2,5,5 tahun lalu,Tidak,"Salon terlengkap, nyaman, terapist banyak satu2nya di Bangkalan yg paling besar semua Treatment dari ujung rambut sampai kaki ada disini semua",Positif,"Pelayanan/Staf, Suasana/Tempat",Rendah
Andre Aset,Ya,148,5,setahun lalu,Tidak,"24 jam buka nyak ,penyetan banyak ada babat,udang,ikan,ayam dll,ruangan terbuka.sambel mantap",Positif,"Produk/Makanan, Suasana/Tempat",Rendah
Habi Kalbok,Bukan,3,2,2 bulan lalu,Tidak,Harga gak masuk akal,Negatif,Harga,Sedang
Andi Wirawan,Ya,60,4,3 tahun lalu,Tidak,"disini sayang banget ga nyobain ikannya, malah makan ayam. tapi dari segi rasa enak, dan sambelnya meskipun levelnya sedang, tetep aja pedes banget",Positif,Produk/Makanan,Rendah
ainur sdrj,Ya,641,4,7 tahun lalu,Ya,Ikan bakarnya dan sambalnya top markotop,Positif,Produk/Makanan,Rendah
Nurdi Hamsyah,Ya,408,1,5 tahun lalu,Tidak,"Namanya org jualan sih ya cari untung, cm jgn terlalu mencekik bgtu kasih harga. Sesuaikan makanan yg dijual dgn hrga yg pantas, kalau sperti ini gak bakalan ada yg mau balik lg.",Negatif,Harga,Sedang
MACRA,Ya,68,1,4 tahun lalu,Tidak,"Tmpt kotor, harga mahal n tdk enak makanannya, tdk ada rincian harga di kwitansi n tdk diberi kwitansi pd saat slese mkn shg kita berpikir asal aja ksih harga",Negatif,"Produk/Makanan, Suasana/Tempat",Sedang
Ahmad Sundulangit,Ya,12,1,7 tahun lalu,Tidak,"Mending makan di Solaria atau di MCD. Harganya gilaa Nasi+bebek+es jeruk (2 porsi) harga 124ribu Ga masuk akal, not recomended",Negatif,"Produk/Makanan, Harga",Sedang
Stephan Mario Untu,Ya,268,3,Diedit 7 tahun lalu,Tidak,"Banyak pilihan makanan, minumannya porsi raksasa alias besar cocok yang kelaparan dan kehausan berat harga ya lumayan di atas rata-rata alias agak mahal. Catatan tambahan untuk toilet kurang bersih.",Netral,"Produk/Makanan, Harga",Rendah
JEMJOSMAN,Bukan,3,5,7 tahun lalu,Tidak,"Krn Rmh Makan ini bukannya 24 jam di pusat Kota Surabaya shg sgt membantu bg siapa sj yg mencari makan di tengah malam di saat kebanyakan Rmh Makan sdh pada tutup juga menunya bervariasi, byk pilihan dan lezat tentunya.",Positif,Produk/Makanan,Rendah
Abdus Shomat,Ya,24,1,4 tahun lalu,Tidak,Meskipun mahal kalau pelayan bagus gpp lah Ini sudah mahal pelayanan buruk bangett karyawan gak sopan gak ramah poll kecewaa bangett cukup sekali saja kesana,Negatif,"Pelayanan/Staf, Harga",Sedang
Janto Anggoro,Ya,155,1,7 tahun lalu,Tidak,"Hanya utk yg kelaperan malam atau subuh, ikan goreng lumayan mahal (24 jam bayar karyawan 😄), lihat minyak gorengnya yg menghitam jadi ingat kolesterol 😋 …",Netral,"Produk/Makanan, Harga",Rendah
Dwi Andayani,Ya,26,2,3 tahun lalu,Tidak,Harga nya mehong. Ikan bawal bakar 155rb Es jeruk 24rb..mending makan di all you can eat aja,Negatif,"Produk/Makanan, Harga",Sedang
eva yulfida,Ya,79,2,7 tahun lalu,Tidak,Biasa ajaa.. Cuma buka 24 jam. Harga ny MAHAL banget!!! Dan ga akan pernah balik lagi utk makan dsini. Krn harga dan rasa gak sesuai ekspektasi.,Negatif,"Produk/Makanan, Harga",Sedang
Deddy Krismanto,Ya,858,3,setahun lalu,Tidak,Lumayan mahal menu nya.. lumayan shock jg pas bayar..,Negatif,Harga,Rendah
Ary Retmono,Ya,158,4,setahun lalu,Tidak,Warung makan aneka ikan bakar yg menjual juga ayam. Lengkap dengan lalapannya. Lumayan rasanya.,Positif,Produk/Makanan,Rendah
Ratu Selfi,Ya,16,5,7 tahun lalu,Tidak,"Maknyus, sambel nya seger ada wangi jeruk nya yg d ulek dadakan... Bikin nambah meningkatkan kenikmatan.. Bebek nya jg empuk... Auto nambahin hehhehe",Positif,Produk/Makanan,Rendah
Angga Catur Setiawan,Ya,94,5,9 tahun lalu,Tidak,"Buset pertama kali ke sini, cobain sambel pedes, pedes nya mampus guys saya sampai g bisa makan. wkwkwkwkw.. makan sih cuma minum es teh jumbo habis duluan hahahaha... tapi enak kok ke sini aja coba",Positif,Produk/Makanan,Rendah
Milky Way,Ya,233,2,5 tahun lalu,Tidak,"Ikannya kurang fresh, rasa ikan bakarnya plain, bumbunys kayaknya cuma kecap doank yg bikin jd gosong2 wkt dibakar dan ngga berasa apa2, harganya OMG",Negatif,"Produk/Makanan, Harga",Sedang
Dendy Irnanda,Bukan,8,1,3 tahun lalu,Tidak,"Jangan makan kalau bawa uang dikit. Overprice ikan Bebek charge sendiri , nasi porsi dikit di charge 8rb, es teh 10rb 😫😫 …",Negatif,"Produk/Makanan, Harga",Sedang
Dewi Saraswati,Ya,255,4,8 tahun lalu,Tidak,Tema rumah makan ini membuat senang untk makan. Model prasmanan sehingga malah kalap mata hahaha..hanya harganya memang lumayan juga...tp masih aja ramai,Positif,"Suasana/Tempat, Harga",Rendah
Komang Risma Devi Kartika,Ya,282,4,Diedit 7 tahun lalu,Tidak,"Pedes banget!!!! buat yang suka makan pedes harus coba, ada ikan laut dan rawar, ayam dan bebek, ada juga tambahan tempe tahu dengan sayur singkongnya, sambalnya ada tomat, orek dan mangga, semuanya ada levelnya dan bener-bener bikin nagih",Positif,Produk/Makanan,Rendah
Euis Nuruliah,Bukan,2,1,2 tahun lalu,Tidak,"Nggak rekomen makan disini...harganya mihil bingits..rasa B aja, makan ber8 hampir 1 juta",Negatif,"Produk/Makanan, Harga",Sedang
nothing,Ya,107,5,4 tahun lalu,Tidak,Sambelnya juwaraa pedesnya nampol sampe gak sempet fotoin karena masakannya super enak dan sambel koreknya bestseller dan bikin gagal diet karena porsi nasinya banyak banget,Positif,Produk/Makanan,Rendah
Rieka Feliz,Bukan,10,1,2 tahun lalu,Tidak,"Harga kalkulator rusakk, pol mahal padahal dipinggir jalan. Tidak ada daftar harganya. Mending cari yang lain yg harganya wajar",Negatif,Harga,Sedang
Pummsky Official,Bukan,5,1,setahun lalu,Tidak,"TAU BABAT KAN ?? IYAA BABAT SAPI 1 TUSUK ISI PALING 5 POTONG , IYA BENER BABAT SAPI BUKAN DAGING SAPI WAGYU A5 KOK BISA YA HARGA BABAT SAPI 1 TUSUK ISI 5 POTONG 48.000 …",Negatif,"Produk/Makanan, Harga",Sedang
Tofan Suriadi,Bukan,11,5,5 tahun lalu,Tidak,"Ramah, untuk ojek online parkirnya dibayarkan resto, saya lihat cara melayani pembeli sangat baik ramah murah senyum, makanya restonya ramai, semoga tambah rame dan terus berkembang...",Positif,"Pelayanan/Staf, Fasilitas/Parkir",Rendah
may a,Bukan,12,1,4 tahun lalu,Tidak,"Menurut saya, harga Yang dipatok terlalu mahal. Rasanya biasa saja. Pelayannya tidak ramah Wastafel kotor",Negatif,"Harga, Pelayanan/Staf",Sedang
Richa Dwi Saputri,Ya,223,4,5 tahun lalu,Tidak,Banyak jenis ikan dan pilihan sambalnya. Harga a bit pricey. Buka 24jam. Berasa museum foto artis disana 🤣😅 …,Netral,"Produk/Makanan, Harga",Rendah
Kai Bee,Ya,165,5,9 tahun lalu,Tidak,"Nama yang benar adalah ""PADIN"" yang terkenal gegara sambelnya yg hot.. Ayam bebek ikan dan makanan lain ada disini sambalnya mantab.. Yg istimewa lagi buka 24 jam bro..",Positif,Produk/Makanan,Rendah
Febryan Alfonsius Go,Bukan,7,3,7 tahun lalu,Tidak,"Tempatnya biasa tapi harganya luar biasa mahal untuk harga penyetan,tapi bagi kalian berkantonh tebal its ok lah kalo mau makan disitu,sambelnya lumayan enak.",Netral,"Suasana/Tempat, Harga",Rendah
Irma Nurlatifah,Ya,45,3,8 tahun lalu,Tidak,"Mohon bijak dalam memilih menu makanan di sini karena harga cukup mahal namun porsi agak lebih banyak. Untuk rasa lumayan enak, ukuran ayam cukup besar dan empuk, sambal enak.",Positif,"Produk/Makanan, Harga",Rendah
Dadang Saputradireja,Ya,13,1,7 tahun lalu,Tidak,"Harga nya tidak sesuai rasa nya. Baru tau kenapa mereka tidak cantumkan harga di menu. Ga banget lah pokoknya, masih banyak yang lebih enak dan jujur tentunya.",Negatif,"Harga, Produk/Makanan",Sedang
Anggun Febrianti,Ya,38,5,5 tahun lalu,Ya,"Mantuull pedesspooll, sambel nya variasi ada korek,pencit, tomat",Positif,Produk/Makanan,Rendah
ymasi sbastian,Ya,102,5,Diedit 7 tahun lalu,Ya,Tempat makanya para artis kuliner recomen,Positif,Suasana/Tempat,Rendah
kuwaci channel,Bukan,4,1,7 bulan lalu,Tidak,"Kena jebakan batman, bener bener mahal....kapok",Negatif,Harga,Sedang
Ridwan Muhammad Rizki,Bukan,4,1,setahun lalu,Ya,"Harga sangat diluar nalar, sangat tidak rekomendasi",Negatif,Harga,Sedang
dina,Ya,46,5,6 tahun lalu,Ya,Wuahh...sambelnya juara..n banyak.pilihan menu lauknya..😘😘 …,Positif,Produk/Makanan,Rendah
Nanda Ayu,Ya,21,2,4 tahun lalu,Tidak,"Gk enak, ikan,bebek sm ayam nya sprti sdh hampir basi, ayam bakarnya jg rasanya gk enak.. ini pengalaman pribadiku jd menurutku tidak recomended utk dijadikan kuliner enak",Negatif,Produk/Makanan,Tinggi
cracketz 1,Bukan,1,1,2 tahun lalu,Tidak,Makan di padin nyesal saya masa makan 2 orang habis 385 RB... nggak bisa di ulang lagi..,Negatif,Harga,Sedang
carolina aprilia,Bukan,4,1,7 bulan lalu,Ya,"Gila sih ini., gak masuk akal harganya",Negatif,Harga,Sedang
Dani Chandra Yudho Pranoto,Ya,26,3,3 tahun lalu,Tidak,"Masakan enak, sambal enak, pelayanan ramah dan cepat. Tapi tolong pertimbangkan lagi harganya, mahal banget. 😵💫 …",Netral,"Produk/Makanan, Harga",Rendah
sigit varendra,Ya,39,3,4 tahun lalu,Tidak,"Tempat, bagus, makanan biasa aja, pelayanan bagus, staff ny ramah2, cuman kalo mau nanya menu tanya kasir dan rasa ikan bakar guraminya biasa aja",Netral,"Produk/Makanan, Pelayanan/Staf",Rendah
Nanda Salsabila,Bukan,1,1,3 tahun lalu,Tidak,Sunduk paru 2 sama sunduk babat 1 makan berdua habisnya hampir 200k hati2 kalau makan di sini sebaiknya tanya harga dulu,Negatif,Harga,Sedang
DK 26Q,Ya,79,4,8 tahun lalu,Tidak,"Sambalnya bisa request, pedes, dan pedes buanget. Lalu pedes nya jga gk lebai. Gk ad rasa mericanya. Jd emank bener2 bumbunya yg berperan, pokoknnya.... Mak srendep...",Positif,Produk/Makanan,Rendah
Wang Ji Guo,Ya,21,5,setahun lalu,Tidak,"Buka 24jam, makanan rasanya cukup oke meskipun soal harga cukup lumayan kerasa",Netral,"Produk/Makanan, Harga",Rendah
Novita Amaliya,Ya,95,1,3 tahun lalu,Tidak,1 gurami bakar. 2 nasi. 2 petai. Tahu tempe 2 es teh 2. Sambel 2. Total 160. .. Harga kemahalan. Rasa gurami masi berasa tanah. G gurih. Sekali aja ksni. G akan ksni lg.,Negatif,"Produk/Makanan, Harga",Sedang
E.Ndulll,Ya,101,2,7 tahun lalu,Ya,Mahall....sambelnya B aja si. Ati2 ma porsi nasi nya bwt cewe2. Klo makan dikit mnt separo aj. Ayam'nya alot klo d goreng.. Mending ikannya si yg bakar oke lah,Negatif,"Produk/Makanan, Harga",Sedang
Mr. POO CIAYO,Ya,111,4,7 tahun lalu,Tidak,"Istimewanya karena warung ini buka 24 jam dan tersedia anake menu ikan bakar ,ayam, bebek dll..tapi yg terpenting adalah olahan sambalnya yg mantab..BRAVO PADIN IKAN GORENG..",Positif,Produk/Makanan,Rendah
Cakra Dahana,Ya,372,3,8 tahun lalu,Tidak,Yg suka selera pedes.. Inilah tempat nya... Mengikuti keinginan pembeli utk level pedenya.. Lokasi strategis tak jauh dri LONTONG BALAP GARUDA KULINER TOP SBY. ADA D Surabaya pusat ta jauh juga dri mall BG JUNCTION. utk hrga.... Ya gtu dech.. He. He. He,Positif,"Produk/Makanan, Suasana/Tempat",Rendah
astri putri,Ya,77,4,6 tahun lalu,Tidak,"Secara harga agak mahal untuk makanannya, tapi worth it untuk rasanya, sambelnya pedes mantep enak banget . Dan porsi nasinya cukup banyak 😂 …",Positif,"Produk/Makanan, Harga",Rendah
Kumala P,Ya,13,3,Diedit 6 tahun lalu,Tidak,"Skrg rasanya biasa aja, tempat nya kurang bersih ada lalatnya terbang"" kalau bawa bayi agak ngeri ya. Harganya gak worth it sih menurut ku",Negatif,"Produk/Makanan, Suasana/Tempat",Sedang
Yulie purnama Sari,Bukan,9,5,5 tahun lalu,Tidak,"Biarpun tempatnya gk sebagus resto mewah tp makanan dsni d jamin enak,,,harganya emg lumayan mahal, tp sebanding dg rasanya 😍😍 …",Positif,"Produk/Makanan, Harga",Rendah
Annisa Amalia,Bukan,6,1,4 tahun lalu,Tidak,"kalo kesini siap siap aja kaget sama harganya, babat 40k an keknya cuma disini doang wkwk, dan semua lauknya rata rata 40k keatas bahkan ada yang 100k",Negatif,Harga,Sedang
Hasanudin Hamid,Ya,43,5,4 tahun lalu,Tidak,Kalo di sini sih enak banget. Apalagi ditambah pete wakwakwaw.....suegerr.... Tapi kalo bisa sih harganya turun dikit biar kita2 yg BPJS gak kelelahan....hhehehe,Positif,"Produk/Makanan, Harga",Rendah
Nadhif Nrc,Bukan,4,1,4 tahun lalu,Tidak,Mahal banget jangan beli disini kalau ngga bawa uang lebih. .rasanya juga ga begitu enak mending KFC atau angkringan,Negatif,"Produk/Makanan, Harga",Sedang
Mr icank,Ya,302,3,2 tahun lalu,Tidak,Makanan OK - Harga Diatas rata2 atau MAHAL. dah itu aja.. ber 4 habis 400an. 😂 …,Netral,"Produk/Makanan, Harga",Rendah
Erlina iik,Ya,20,4,2 tahun lalu,Tidak,"Sambelnya pedes-pedes, ada beberapa pilihan lauk. Kalo laper malem-malem bisa jadi opsi. Petenya gede-gede.",Positif,Produk/Makanan,Rendah
andreas dony s,Bukan,3,4,setahun lalu,Tidak,TANYAKAN DULU HARGA SEBELUMNYA.BIAR TIDAK KAGET PAS BAYAR DI KASIR.SOALNYA TIDAK ADA BUKU MENUNYA.,Negatif,Harga,Sedang
Lamianto Anto,Ya,48,5,4 tahun lalu,Ya,"Ikannya segar segar sambel mak nyoss Ada ayam,bebek,tahu tempe terong sangat terkenal banyak artis makan disitu juga mantap puooll",Positif,Produk/Makanan,Rendah
Nyunyun Ssss,Bukan,2,1,8 tahun lalu,Tidak,Gila.... makan ber3 sama suami dan anak hbs hmpir 250rb 😲😲😲 Rasa biasa Harga luar binasa Habis makan jd kepikiran.. …,Negatif,"Produk/Makanan, Harga",Sedang
arifa fitria,Ya,63,1,5 tahun lalu,Tidak,"Harga mahal,, ngak cocok sama rasanya,, tempat kurang bersih,, mending makan di restoran seafood terkenal untuk tempat, kebersihan harga dan rasanya terjamin",Negatif,"Produk/Makanan, Harga",Sedang
Rina Purwaningsih,Ya,135,1,Diedit 7 tahun lalu,Tidak,"Harga tidak sebanding dengan menu dan fasilitas yang ditawarkan. Harga terlalu MAHAL, rasa biasa, tempat gak nyaman. Tidak pernah ingin datang lagi. Terimakasih",Negatif,"Suasana/Tempat, Harga",Sedang
Titis Werdianti,Ya,87,3,7 tahun lalu,Tidak,Padin adalah salah satu tempat makan yang biasa dikunjungi oleh wisatawan dari luar surabaya dengan rasa yang cukup enak namun harganya mahal untuk ukuran penyetan di kota surabaya. Variasi makanan cukup banyak.,Netral,"Produk/Makanan, Harga",Rendah
Lyora Adiwinata,Ya,35,1,3 tahun lalu,Tidak,"yang punya resto ga berkah nih, makan berdua aja hampir abis setengah juta.. gilee lu tau gitu gue makan di PTC",Negatif,Harga,Sedang
Hasrah Junaidi,Ya,31,5,3 tahun lalu,Tidak,Masakannya muantapp dan sambal yang aduhai..klo harga yaa gitulah krn kebanyakan artis yg makan di sini,Positif,"Produk/Makanan, Harga",Rendah
Ratna ummu Alfath,Bukan,4,1,2 tahun lalu,Tidak,Harga super duper overprice... Suasana panas... Tempatnya juga kurang bersih dan banyak lalat...,Negatif,"Suasana/Tempat, Harga",Sedang
Liena Hari P,Bukan,1,2,4 tahun lalu,Tidak,"Makanannya enak , tp jadi B ajah .. pelayanan 👎🏿 Makan belum selesai uda di beresin 🤣🤣 ada2 aja pelayanan macam ni .. …",Negatif,"Produk/Makanan, Pelayanan/Staf",Sedang
Wahyu Suryajaya,Ya,27,4,8 tahun lalu,Tidak,"Bagi yang suka makanan pedas dan mau makan pagi ,siang ,sore malam atau dini hari ga usah bingung ,makan di sini buka 24 jam dng menu penyetan dan gorengan ikan ,tahu ,tempe ,udang ,lele dll Rasanya mantap dan nikmat",Positif,Produk/Makanan,Rendah
Udin Udines,Ya,109,1,6 tahun lalu,Tidak,Sangat mahal tidak rekom untuk kalangan bawah menengah...kalau rasa sih lumayan enak dan sambalnya pedas mantap untk hrg kurang rekom...,Netral,"Produk/Makanan, Harga",Rendah
m zamroni,Bukan,3,5,setahun lalu,Ya,Cukup tau.... Monggo dilihat harganya...,Negatif,Harga,Sedang
Para Meshwa,Ya,73,5,7 tahun lalu,Tidak,"Sambel korek pedes mantep, porsi nasi besar, ukuran gelas jumbo. Tapi sayang, pesenan minum lama datang, keburu kepedesan",Netral,"Produk/Makanan, Pelayanan/Staf",Rendah
Arindradita Primaloka,Ya,17,5,7 tahun lalu,Tidak,"Sambel tomatnya joss, g pelit bener bener disediain 1 piring tembikar sendiri. teh nya khas teh jawa timuran banget. Gurame bakarnya recomended",Positif,Produk/Makanan,Rendah
Joko Priyanto,Ya,42,5,5 tahun lalu,Ya,Menu seafood segar di surabaya bayak artis indonesia yang berkunjung di Padin,Positif,Produk/Makanan,Rendah
runica yuriko,Ya,41,5,4 tahun lalu,Ya,Pilihannya byk n puas makan di sini.. cucok.,Positif,Produk/Makanan,Rendah
Sun,Ya,21,3,8 tahun lalu,Tidak,"Lebih mahal dri tempat lain , bagi penimat kuliner budget terbatas pikir2 lagi untuk makan disini , klo rasa tergolong enak",Netral,"Harga, Produk/Makanan",Rendah
Muhammad Fauzi,Ya,235,5,4 tahun lalu,Tidak,"Tempat yang cocok dikunjungi bersama rombongan anda, tersedia aneka seafood, ayam, bebek. Lingkungan nyaman dan tersedia banyak kursi. dan ada area tambahan di lantai 2",Positif,"Suasana/Tempat, Produk/Makanan",Rendah
Christian,Ya,93,3,7 tahun lalu,Tidak,Harga kayaknya terlalu kemahalan tidak sesuai dengan kualitas .seekor gurami 80rb kayak beli di restoran yang ber AC dan tempatnya bersih,Negatif,"Harga, Produk/Makanan",Sedang
Hendriansyah Mochamad,Ya,675,4,2 tahun lalu,Ya,"Pelayanan bagus cepat, ikan bakar mantap bumbunya, semua sambal wooww nendang, jangan coba2",Positif,"Pelayanan/Staf, Produk/Makanan",Rendah
Ooo Boys,Ya,17,1,9 tahun lalu,Tidak,Harganya seram.. Penyet seram …,Negatif,Harga,Sedang
Siens Harianto,Ya,344,4,9 tahun lalu,Tidak,"Rumah makan aneka penyetan: seafood, ayam, bebek, daging, paru, tempe, tahu, dll. Buka 24 jam dengan harga yang relatif mahal.",Netral,"Produk/Makanan, Harga",Rendah
Nur Wahyuni,Ya,12,5,8 bulan lalu,Tidak,"Suasana ramai malam hari, pelayanan ramah",Positif,"Suasana/Tempat, Pelayanan/Staf",Rendah
Hendra Ayuni,Ya,17,1,7 tahun lalu,Tidak,"Ikan 2 tempe 2 sambel 2 nasi 2 es kopyor 2 Ikan jg gak seger, digoreng ulang.. Tapi hargae bro sangat ngeri..total hampir 150.000 hehehe",Negatif,"Produk/Makanan, Harga",Sedang
Yanuar Pamungkas,Ya,98,5,4 tahun lalu,Tidak,"Banyak pilihan menu untuk lauknya..ada ayam, telur, ikan, tahu, tempe, hati ampela, babat, pete, terong, dll..untuk sambelnya bisa milih tingkat kepedasannya",Positif,Produk/Makanan,Rendah
Didik Muryanto,Bukan,1,1,setahun lalu,Tidak,Tidak fair harga karena tidak ada list Siap siap aja waktu bayar,Negatif,Harga,Sedang
lif 's,Ya,67,5,3 tahun lalu,Tidak,"Ikan bakar dan goreng dengan pilihan sambal beraneka ragam. Tingkat kepedasan bisa request. Selain ikan²an, ada pilihan bebek, udang, tahu, tempe, dll.",Positif,Produk/Makanan,Rendah
Hendrik S,Ya,30,4,7 tahun lalu,Tidak,Masakan enak.... pilihan menu lumayan banyak.... suasana menyenangkan.... hanya yang di dalam ruangan ac nya kurang dingin.... kalo yang luar lesehan lumayanlah karena ac nya alami alias angin cepoi cepoi... 🤣🤣🤣🤣 …,Positif,"Produk/Makanan, Suasana/Tempat",Rendah
Dani Mailandi,Bukan,1,1,6 tahun lalu,Tidak,"Pelayanan sangat buruk,sampai selesai makanpun minuman belum di antar,untuk rasa yg biasa saja harganya termasuk mahal,benar2 kecewa,terutama pada pelayanan.",Negatif,"Pelayanan/Staf, Harga",Sedang
Danar Yutono,Ya,24,1,setahun lalu,Tidak,"menunya biasa saja, tapi harganya terlalu mahal. harga minumannya juga mahal.",Negatif,"Produk/Makanan, Harga",Rendah
Wahyu Cruise,Ya,46,1,3 tahun lalu,Tidak,Mending makan di mall sekalian. Daripada disini.. Di mall dapet tempat bersih + adem.. Itupun harga masih dibawah warung ini.. Wkwkwkw. Warung jahanam.. Ajimumpung.,Negatif,"Suasana/Tempat, Harga",Sedang
Arif Faisal,Ya,149,1,8 tahun lalu,Tidak,"kalau untuk kalangan menengah ke bawah mahal bangett,,gk sesuai sma rasa nya,gk ada daftar harga ,,langsung maen total aj,,masakan nya biasa"" aj,,",Negatif,"Produk/Makanan, Harga",Sedang
Cheristia Apremiastanty,Bukan,8,1,4 tahun lalu,Tidak,"Padahal pesen bebek tpi dikasih ayam kita komplain tpi kasirnya sewot gk ramah, pelayan kurang banget. Tolong ya kita beli disini ngga minta !!",Negatif,"Pelayanan/Staf, Produk/Makanan",Sedang
Ivan Ghazyan Permana,Ya,70,1,7 tahun lalu,Tidak,"Gila boss mahalnyaa rasa juga standar, kalo diturunin harganya bisa worth it. Dan kebersihannya boss, kurang sekali.",Negatif,"Harga, Suasana/Tempat",Sedang
Rosita Men,Bukan,2,2,2 tahun lalu,Tidak,mahal gk masuk di akal esteh 3 39rb nadi 2 22 rb gurami 120,Negatif,Harga,Sedang
andi satiawan,Ya,65,5,8 tahun lalu,Tidak,Sambelnya manknyoos... pilihan lauknya banyak dr pete sampe ikan dorang n paru limpa babat dr goreng sampe bakar (wlopun harganya terkadang agak emejing),Positif,"Produk/Makanan, Harga",Rendah
bachtiar redy,Ya,501,2,5 tahun lalu,Tidak,"sbg pendatang, tmpt ini direkomendasikan oleh salahsatu foodvloger yg katanya kalau baru sampai turun kereta dari pasarturi mampirlah kesini, setelah saya buktikan ternyata betul😌😅 asli gw dr luarkota ga menyangka🙏😁 …",Positif,Suasana/Tempat,Rendah
Ricardo Sinaga,Ya,32,1,6 tahun lalu,Tidak,"Harga mahal. Gurame kecil 75. Penjual seolah olah menutupi harga. JANGAN PERNAH KE SINI GUYS, RASA GA ENAK HARGA GA JELAS,",Negatif,"Harga, Produk/Makanan",Sedang
Andri Arfianto,Ya,50,1,2 tahun lalu,Tidak,"Depot artis, rasanya B saja.harganya di luar nurul untuk menu ikan ikanan",Negatif,"Produk/Makanan, Harga",Rendah
Ika Kurnia,Ya,407,3,6 tahun lalu,Tidak,"tempat makan 24 jam, letaknya di dekat blauran atau sblm mal BG Junction.banyak pilihan makanan penyetan dan sambel koreknya sangat pedas banget",Positif,"Produk/Makanan, Suasana/Tempat",Rendah
andy leonardo brughman,Ya,213,4,5 tahun lalu,Ya,"Menunya komplit, sambalnya mantap n kalo makan diatas jam 23:00 yg beli cantik2",Positif,Produk/Makanan,Rendah
Susi Herawati,Ya,50,5,7 tahun lalu,Tidak,"Favorit bnget kalau anda suka pedess(jangn lupa make sure sambalnnya ""pedes banget"". Aq favorit suka pencit pedes.. Itu membuat kita gak bisa ngomong, sangking pedesnya",Positif,Produk/Makanan,Rendah
nofi yanti,Bukan,5,5,10 bulan lalu,Ya,Sambal nya enak,Positif,Produk/Makanan,Rendah
Fahd Fahd,Ya,15,1,5 tahun lalu,Tidak,"G enak larangg.. Mosok makan lele seporsi, trs bebek, minum teh es 3 bji hbz 99rb.. Larang.. rasa SNI",Negatif,"Produk/Makanan, Harga",Sedang
Sujatmiko Pujitono,Ya,182,3,9 tahun lalu,Tidak,Warung bebek legendaris. Sejak aku kecil sudah ada. Sekarang makin besar dan jualan macem-macem. Tapi entah kenapa rasanya jauh lebih enak dulu.,Netral,Produk/Makanan,Rendah
Welly Gunawan,Ya,17,1,2 tahun lalu,Tidak,Harganya kaga masuk akal... Untuk tempat seperti itu... Rasa juga B saja.. maapkeun review jujur saya..🙏🙏 …,Negatif,"Produk/Makanan, Harga",Sedang
GALIH NUGROHO,Ya,259,4,3 tahun lalu,Tidak,"Bumbu meresap, sambel enak, tapi daging ikan laut nya sepertinya pas dapat yg udah kelamaan kena es",Netral,Produk/Makanan,Sedang
Ibrahim Khalil,Bukan,8,1,2 tahun lalu,Tidak,MAHAL... MAHALL... MAHALL.... …,Negatif,Harga,Sedang
PITTER ENDRA,Bukan,2,4,2 tahun lalu,Tidak,Makanannya enak menunya variasi cuma suasana dan layanan krng maksimal tmpt nya agak panas krng comfort,Netral,"Produk/Makanan, Pelayanan/Staf",Sedang
Aerdie86 Mardotilah,Ya,4,1,8 tahun lalu,Tidak,Makan kesana puas si air teh nya cuma tenyata bayar untuk ukuran warung harganya mahal tempat nya juga kurang nyaman Kebersihanya juga kurang terjaga,Negatif,"Harga, Suasana/Tempat",Sedang
Annisa Kurnia,Bukan,8,5,4 tahun lalu,Tidak,"Jujur makanannya enak, bebek, babat, ayam, sambelnyapun sedep semua. Cuman pertama kali kesini, pesen gurame juga dan kerasa bau lumpur:"")",Netral,Produk/Makanan,Sedang
R Kurniawan,Ya,38,1,8 tahun lalu,Tidak,"Rasa pas pasan, bebek basi!! Harga yang mahal sekali untuk segelas es jeruk, overprice, ga pantes harga sama kualitas tempat dan makanan.",Negatif,"Produk/Makanan, Harga",Tinggi
Bryan Wicaksono,Ya,1075,4,7 tahun lalu,Ya,Rada mahal. Tapi rasanya enak dan 24 jam.,Positif,"Produk/Makanan, Harga",Rendah
Veronyc s,Bukan,1,3,6 tahun lalu,Tidak,Mahal dan gak ada price list. Ikan dihargai 90rb tanpa ada di timbang. Rasa ikannya enak,Negatif,"Produk/Makanan, Harga",Sedang
Surabaya Hebat,Bukan,1,1,setahun lalu,Tidak,Super duper mahal pelayan jelek tempat jeleek. Kecewaa,Negatif,"Pelayanan/Staf, Suasana/Tempat",Sedang
Riris _ay33,Bukan,5,1,2 tahun lalu,Tidak,"Sumpah mahal banget dan tidak enak,utk yg mau makan kesini mending jangan",Negatif,"Produk/Makanan, Harga",Sedang
MAMI VIRANDIO,Ya,51,2,Diedit setahun lalu,Tidak,"Harga tidak tercantum, dan ternyata mahal untuk rasa makanan yg biasa aja.",Negatif,"Produk/Makanan, Harga",Sedang
Nadhira Binjou,Ya,20,1,2 tahun lalu,Tidak,"Kumuh, taste gak sesuai sama harga. Gak worth to buy. Berasa dirampok",Negatif,"Suasana/Tempat, Produk/Makanan",Sedang
Setia Hati,Bukan,2,1,3 tahun lalu,Tidak,Mending jangan beli disini.....harganya tidak banget masak minum es jeruk aja 50k..........😤😤😤🖕🖕🖕🖕🖕🖕👎👎👎👎👎👎👎👎👎👎rasanya gak enak bangett …,Negatif,"Produk/Makanan, Harga",Sedang
Anis Nuryawati,Bukan,2,1,2 tahun lalu,Tidak,"Menu,rasa dan harga tidak cocok/tidak sebanding Semoga selalu berkah usahanya",Negatif,"Produk/Makanan, Harga",Rendah
Galuh,Ya,32,4,8 tahun lalu,Tidak,"Ikan sama udangnya seger banget. Sambelnya wajib coba semua tapi harganya, mungkin, sedikit mahal daei warung kebanyakan",Positif,"Produk/Makanan, Harga",Rendah
Much Zain,Ya,16,3,4 tahun lalu,Tidak,"harga muahall, rasanya malah banyak yg lebih enak di warung penyetan kaki lima dg harga yg jauh lebih murah",Negatif,"Produk/Makanan, Harga",Rendah
zya fatma,Ya,107,2,7 tahun lalu,Tidak,Harga makanan dengan rasa makanan yg didapat kurang dr ekspektasi.. mahal iya secara rasa makanan banyak yg lebih enak di PKL. Secara tempat jg bukan resto elit..,Negatif,"Produk/Makanan, Harga",Rendah
Difotoin Ancha,Ya,215,4,7 tahun lalu,Ya,"bingung mau cari makan disurabaya tengah malam??? disini tempatnya. masakannya lumayan enak, yg penting bisa mengisi perut lapar",Positif,Produk/Makanan,Rendah
Ivan Arista,Ya,44,3,setahun lalu,Tidak,Nasi putih 1 porsi belasan ribu rupiah (Lupa pastinya),Negatif,Harga,Rendah
Dea M,Ya,185,1,Diedit 5 tahun lalu,Tidak,Nggak kesini lagi dech...terlalu mahal untuk makan lalapan yang biasa2 aja.pas kesana penunggunya riwa riwi alias si mouse😵 …,Negatif,"Harga, Suasana/Tempat",Sedang
Gacha Lover,Ya,53,3,7 tahun lalu,Tidak,Tempat aduh banyak lalat.. kurang bersih.. sambal mentahnya enak.. sayang harga selangit.. restoran aja kalah sama padin harganya.,Negatif,"Suasana/Tempat, Produk/Makanan",Sedang
Awangwsnt Production,Ya,27,4,4 tahun lalu,Tidak,"Rasa enak, buka 24 jam, tapi lumayan mahal ber 2 makan disini habis sekitar 260K",Netral,"Produk/Makanan, Harga",Rendah
Okky Firmansyah,Bukan,3,1,setahun lalu,Tidak,"SANGAT TIDAK WORTH IT,HARGA SETINGGI HARAPAN ORANG TUA.",Negatif,Harga,Rendah
Dewi lestari,Ya,9,2,6 tahun lalu,Tidak,"Makananya enak, tapi tarif sangat mahal. Jadi tidak bisa didatangin setiap hari seperti hal umum warung lainnya",Negatif,"Produk/Makanan, Harga",Rendah
Reyhan Rahadi,Ya,200,4,8 tahun lalu,Tidak,Sambelnya mantap. Ramainya biasanya waltu malam tempat yg ber Ac udah bersih . Namun yang di luar masih agak kotor,Positif,"Produk/Makanan, Suasana/Tempat",Rendah
ratih puspitorini,Bukan,10,2,7 tahun lalu,Tidak,Mahal pake bgt...es teh doang 6rb ato 8rb...pokoknya luar biasa...rasa lumayan...enaknya biasa aja...,Negatif,"Harga, Produk/Makanan",Rendah
Hadi Lumar,Ya,152,5,3 tahun lalu,Tidak,"salah satu tempat makan paling favorit klo lg k Surabaya, pilihannya banyak dgn citarasa yg pas dilidah",Positif,"Produk/Makanan, Suasana/Tempat",Rendah
Fatikatul Istikharoh,Bukan,4,1,setahun lalu,Tidak,"Harga tidak masuk akal sama sekali,, tempat kumuh",Negatif,"Harga, Suasana/Tempat",Sedang
Save Heart 1,Bukan,1,1,setahun lalu,Tidak,"3 orang makan 400 ribu, Rasa B aja.",Negatif,"Harga, Produk/Makanan",Sedang
Retno Andriyani,Bukan,6,1,5 tahun lalu,Tidak,"Cukup sekali ke tempat ini,, pelayan ga ada ramah2nya,, rasa biasa aja dan harga selangit",Negatif,"Pelayanan/Staf, Harga",Sedang
Dhenbagus Bagus,Ya,281,5,3 tahun lalu,Tidak,"enak, nyaman, dan tinggal pilih. itupun buka 24 jam dg aneka sambel yg cocok banget",Positif,"Produk/Makanan, Suasana/Tempat",Rendah
Tedy,Ya,71,1,3 tahun lalu,Tidak,"Rasa biasa aja, sekelas kaki lima, HARGA sekelas Restoran mewah, ora masuk akal harga nya,",Negatif,"Produk/Makanan, Harga",Sedang
MaxMaxMax MillianMuss,Ya,46,1,7 tahun lalu,Tidak,Seriously ada yang ngereview bintang 5? Pasti karyawannya sendiri itu. Not recommend at all trust me. Rasa tidak enak harga bintang 5 👎👎👎👎👎👎👎👎👎👎 …,Negatif,"Produk/Makanan, Harga",Sedang
Adi Prastyo,Bukan,1,1,7 tahun lalu,Tidak,kejebak makan di situ makanannya kurang enak rasanya harganya mahal tak kira harga kaki lima e ternyata tampilan kaki lima harga bintang lima jangan deh makan di situ bakal kecewa,Negatif,"Produk/Makanan, Harga",Sedang
Alifah Putri,Ya,78,3,9 tahun lalu,Tidak,"Sambalnya cocok,tpi sayang buat cuci tangan/wastafel kurang bersih dan kran nya perlu diperbaiki",Netral,"Produk/Makanan, Fasilitas/Parkir",Sedang
Deni Hertanto,Ya,43,4,8 tahun lalu,Tidak,"Menu nya banyak pilihan dan di masak dadakan., tdk lupa dengan sambal extra pedas nya luar biasa mantap..., patut dicoba... 👍👍👍 …",Positif,Produk/Makanan,Rendah
Ardianto Tan,Ya,949,2,8 tahun lalu,Tidak,"Harga nya gk banget sie, rasa nya pas2an banget walau gk bisa di bilang gk enak, udah gitu pelayanan nya kurang banget",Negatif,"Harga, Pelayanan/Staf",Sedang
Javasarana,Bukan,12,1,Diedit 8 tahun lalu,Tidak,"Sebelum makan berdoa dulu dan cek kebersihan peralatan makan sebelum dipakai bila masih kotor boleh minta ganti, ""gratis"".",Negatif,Fasilitas/Parkir,Tinggi
Rifqi Firmansyah,Ya,6,1,2 tahun lalu,Tidak,Harga makanan mahal banget gk masuk akal & rasa B aja.,Negatif,"Harga, Produk/Makanan",Sedang
Michael Cristiano,Ya,103,1,6 tahun lalu,Tidak,Tempat nya sih mudah di jangkau di pinggir jalan blauran tempat nya kurang bersih harganya cukup mahal dan rasa nya juga kurang mantap .,Negatif,"Suasana/Tempat, Harga",Sedang
Supra Edogawa,Bukan,1,1,6 tahun lalu,Tidak,Rasa biasa aja.menang di sambel doang.klo kesini dianjurkan yg bayar di kasir jangan punya riwayat penyakit jantung yg guys..,Negatif,"Produk/Makanan, Harga",Sedang
Handy hugoz,Ya,88,5,7 tahun lalu,Tidak,"depot nya sangat strategis, dekat bgjunction mall. makanan nya jg banyak, terutama ikan goreng, babat juga ada. hrga nya terjangkau, selera rakyat.",Positif,"Suasana/Tempat, Produk/Makanan",Rendah
Tikno majid,Ya,952,3,6 tahun lalu,Tidak,"Sambelnya saya suka. Sayang ikan & lauk lainya diler terbuka, tdak dlm etalase. Debu dan lalat jalanan pada nempel.",Negatif,"Produk/Makanan, Suasana/Tempat",Sedang
Rakhmat Nopliardy,Ya,440,5,8 tahun lalu,Ya,Makanan tradisional ikanbakar dengan sambel pedas dan sambel tomat,Positif,Produk/Makanan,Rendah
Arya Pradana Wicaksono,Ya,220,1,7 tahun lalu,Tidak,Nggak enak. Mahal pula. What a shame bisa2 nya artis2 ke sini. Yg lebih enak masih banyak. Tapi serius emang ga enak. :(,Negatif,"Produk/Makanan, Harga",Sedang
Romy Bachtiyar,Ya,107,5,3 tahun lalu,Tidak,"Tempatnya strategis gampang d cari,ramai,parkiran tertata, menu 👍👍👍bagi pencinta pedas …",Positif,"Suasana/Tempat, Fasilitas/Parkir",Rendah
Fery Fadhly,Ya,58,4,3 tahun lalu,Tidak,"Biasa aja sih rasanya, cuman terkenal aja 24 jam, klo laper tengah malam bisa cus kesini",Netral,Produk/Makanan,Rendah
syahwan tabroni,Bukan,3,1,7 tahun lalu,Tidak,"G bgt, rasa g sesuai sama harga, sangat2 mahal klo sekelas warung pinggiran, g bakal ngulang lg deh 👎👎👎👎👎👎👎 …",Negatif,"Produk/Makanan, Harga",Sedang
Herawati Susi,Bukan,3,5,7 tahun lalu,Tidak,Kalau kalian suka atau penikmat cabe.. Ini tempatnnya ( jngn lupaa korek pedes banget pakai mangga) uhh paling toop,Positif,Produk/Makanan,Rendah
KRS Project,Ya,2,1,5 bulan lalu,Tidak,Tidak cocok untuk rakyat jelata,Negatif,Harga,Sedang
Muhammad Ismed Abdat,Ya,10,2,Diedit 3 tahun lalu,Tidak,Rasa B aja Ng ada pricelist Waktu bayar eh lah harga menggila …,Negatif,"Produk/Makanan, Harga",Sedang
yokha pratama,Ya,144,2,8 tahun lalu,Tidak,"Mahall, ga ada daftar harganya pula. Tinggal ambil aja begitu totalan kaget dah ngerti harga per itemnya",Negatif,Harga,Sedang
Chris Jeniard,Ya,43,3,7 tahun lalu,Tidak,Makanannya enak sih. Cuma agak mahal sama kurang bersih aja tempatnya,Negatif,"Produk/Makanan, Harga",Sedang
Friyant Fatin,Ya,108,1,9 tahun lalu,Tidak,Kebersihan kurang Rasa kurang Harga mahal …,Negatif,"Suasana/Tempat, Produk/Makanan",Sedang
Ida Bagus Adie Harymbawa,Ya,103,5,4 tahun lalu,Tidak,Sambalnya enak. Harga akan mahal kalau pesannya Ikan. Kalau selain Ikan masih normal untuk depot.,Netral,"Produk/Makanan, Harga",Rendah
Afifudin Rifki,Ya,193,3,5 tahun lalu,Tidak,"harganya sangat mahal sekali banget, sambelnya khas krn ada rasa jeruk2nya",Negatif,"Harga, Produk/Makanan",Sedang
Lely Mahardhika,Bukan,2,1,2 tahun lalu,Tidak,mahal sekali dan tidak worth it sama sekali 🤣 cari tempat lain aja drpd ketipuu …,Negatif,Harga,Sedang
Casper Vvip,Ya,33,1,7 tahun lalu,Tidak,Mahal banget gak umum hanya untuk menu sambelan. Tempatnya jorok rasanya dibawah rata2,Negatif,"Harga, Produk/Makanan",Sedang
Fahmi Ilhamsyah,Ya,66,5,2 tahun lalu,Tidak,"Makanannya enak, sambalnya maknyus... cocok makan bareng teman-teman atau pasangan... mantapp",Positif,Produk/Makanan,Rendah
Rion Dwi Saputra,Ya,44,1,5 tahun lalu,Tidak,"Nasinya Kuning. Sambalnya besar cobek nya doank, rasanya gak banget. Ayamnya kerass, gak sesuai pokoknya..",Negatif,Produk/Makanan,Sedang
Reza R. Hazami,Bukan,3,4,9 tahun lalu,Tidak,First time makan disini.. Sambelnya oke banget.. Sebanding harga dg rasa..,Positif,"Produk/Makanan, Harga",Rendah
Hikmah Nur Azza,Bukan,7,1,10 tahun lalu,Tidak,"Dengan harga yg bisa dibilang mahal, lauk pauknya rasanya biasa saja. Tapi sambelnya enak. Lalapannya juga kurang banyak.",Netral,"Harga, Produk/Makanan",Rendah
nee Puteri,Ya,83,1,setahun lalu,Tidak,Gak ada pricelist nya. Mahaall Gak akan datang kesini lg,Negatif,Harga,Sedang
Ardimas Raka Adytama,Bukan,2,1,2 tahun lalu,Tidak,"Kapok setelah dari sini harganya mengalah""i hotel bintang 5 padahal rasa biasa saja",Negatif,"Harga, Produk/Makanan",Sedang
Miranda dewi Pujasari,Bukan,3,2,3 tahun lalu,Tidak,Kaget bgt dengan harga nya super pricey untuk makan bakar2 ☹️☹️rasanya standart,Negatif,"Harga, Produk/Makanan",Sedang
Robit AZ,Ya,31,3,2 tahun lalu,Tidak,"Terlalu mahal dengan kualitas rasa yg menurun , sorry gue jujur",Negatif,"Harga, Produk/Makanan",Sedang
The man,Ya,18,1,5 tahun lalu,Tidak,"SAMBAL B AJA, IKAN BAKARNYA GOSONG GAK ADA MANIS2NYA, TEMPATNYA JOROK BANYAK TIKUSNYA, TAPI HARGANYA GILAA MAHALNYA JEBAK ORANG BANGET, PANTESAN GA ADA MENU HARGA SAMA BAYARNYA DISURUH SESUDAH MAKAN. MENDING TUTUP AJA JUALAN GAK BERKAH KASIAN YG GATAU BOS!!! GAK RIDHO GW SUMPAH!!!",Negatif,"Produk/Makanan, Suasana/Tempat",Tinggi
andika coudeta,Ya,41,4,8 tahun lalu,Tidak,Menunya macem macem... sambel tomatnya oke... Harganya mahalnya ga masuk akal.... hahahahahahah...,Negatif,"Harga, Produk/Makanan",Sedang
vinaa,Bukan,2,1,setahun lalu,Tidak,"rasa biasa aja mbarai eneg, harga ga masuk uteg",Negatif,"Produk/Makanan, Harga",Sedang
Noni DS,Ya,161,4,3 tahun lalu,Tidak,"Ikan Bakar nya Lumayan,, untuk harga Lumayan juga yaa 😅 sambel nya enak cuma sayang dikitt,, pelayanannya cepat …",Positif,"Produk/Makanan, Harga",Rendah
Dewanti Pramithasari,Bukan,9,5,setahun lalu,Tidak,"enak, tempat makan langganan sama pacar ❤️",Positif,"Produk/Makanan, Suasana/Tempat",Rendah
Wahyu SU,Ya,324,5,8 tahun lalu,Tidak,Pilihan tempat makan dengan opsi ikan bakar atau goreng dekat BG Junction. Tempat luas dan rasanya cukup lezar sebagai alternatif pengfanti.ikan segar,Positif,"Produk/Makanan, Suasana/Tempat",Rendah
Syamsul Hadi,Bukan,14,1,7 tahun lalu,Tidak,Rasa sama harga bagai bumi sama langit jauh. Gak enak mahal pula. Cukup sekali aja.,Negatif,"Produk/Makanan, Harga",Sedang
susan jeane,Ya,6,5,3 tahun lalu,Tidak,"Enak, sambelnya juga , jauh lbh enak drpd trakhir yg sy makan bbrp thn yg lalu",Positif,Produk/Makanan,Rendah
Teguh Hardianto,Ya,73,3,4 tahun lalu,Tidak,"Makanan enak, kurangnya cukup mahal buat kantong saya. Hehehe",Netral,"Produk/Makanan, Harga",Rendah
Heru Bahu Jatmiko,Ya,62,5,2 tahun lalu,Tidak,"Patin paling juara nih, sambelnya joss.. cuma harus siap antri, dan tempat makannya juga ala kadarnya",Positif,"Produk/Makanan, Pelayanan/Staf",Rendah
Lutfi Idham,Ya,44,1,setahun lalu,Tidak,OVERPRICED!! Rasa makanannya enak tapi tidak spesial.,Negatif,"Produk/Makanan, Harga",Sedang
kidzu sinto,Ya,21,4,7 tahun lalu,Ya,Sambelnya berasa pedesnya,Positif,Produk/Makanan,Rendah
pratiwanggana sigit,Ya,29,4,7 tahun lalu,Tidak,pilihan lauk nya banyak. yg paling penting 24 jam buka nya. sambalnya jg luyan buat yg suka sensasi pedas.,Positif,Produk/Makanan,Rendah
Ratna Maulina - Anne Lesmana,Ya,219,1,8 tahun lalu,Tidak,"Rasa biasa aja, gada yg istimewa tp harga bintang 5, mahal beut. G bkl k sana n g recommended",Negatif,"Produk/Makanan, Harga",Sedang
aditya prama,Ya,38,4,7 tahun lalu,Tidak,"Sambelnya mantap pedesnya, gurami bakarnya mantap, 100rb berdua sudah bs makan kenyang",Positif,"Produk/Makanan, Harga",Rendah
Mr H,Ya,75,4,7 tahun lalu,Tidak,Ada harga ada rasa... Emang makanan Padin Ikan Goreng Bakar uenak banget.. Pas dilidah saya...,Positif,"Produk/Makanan, Harga",Rendah
Fifi Velocity,Ya,190,2,6 tahun lalu,Tidak,Mahal. Biasa aja makanannya. Sambelnya aja yg enak. kurang bersih dan kurang nyaman utk family.,Negatif,"Produk/Makanan, Suasana/Tempat",Sedang
agung pranara,Bukan,15,4,7 tahun lalu,Tidak,"harga lumayan mahal makanan & minumannya, yg biasanya spesial itu sambelnya, tapi kemaren agak pahit",Negatif,"Produk/Makanan, Harga",Sedang
DELANI Family Indonesia (denny Han),Ya,380,1,4 tahun lalu,Tidak,Payah...mengenai..mentang2 tamu yg saya bawa bkn org sby...jadi dikerjain harganya...,Negatif,Harga,Tinggi
idham kholid,Bukan,10,1,6 tahun lalu,Tidak,harganya sangat sangat mahal. buat yang lapar dan penasaran mending jangan kesini. ketimbang menyesal seumur hidup,Negatif,Harga,Sedang
BRATVA Indonesia,Ya,109,1,3 tahun lalu,Tidak,"Masak makan nasi bebek,sambel,lalapan & es teh disini lebih mahal dari makan nasi bebek Peking di Grand Duck King???",Negatif,"Harga, Produk/Makanan",Sedang
"Margaretta Yulia DR,S. S",Ya,137,1,7 tahun lalu,Tidak,"Mahal. Sudah gitu aja. Tempat,pelayanan,rasa,persis kakilima. Harga: mbookk. Mending ke daerah kedungdoro",Negatif,"Harga, Suasana/Tempat",Sedang
Andy Santoso,Ya,15,1,6 tahun lalu,Tidak,"Kalo kasih harga yg masuk akal aja...jgn muluk""....kebersihan kurang + harga ssuupperr mahal lgi !!!!",Negatif,"Harga, Suasana/Tempat",Sedang
Fay 2802,Bukan,6,1,2 tahun lalu,Tidak,Harga tdk ditampilkan dan rasa tdk terlalu enak 'harga menjebak' 😅 …,Negatif,"Harga, Produk/Makanan",Sedang
Muhammad Rafi,Bukan,3,1,setahun lalu,Tidak,"MAHAL BANGET, APAAN ES JERUK 25K, JERUK SEKILO ITU, NASI 13K",Negatif,"Harga, Produk/Makanan",Sedang
Belfry Tanoyo,Ya,205,4,4 tahun lalu,Tidak,Ok. Cuma ayam goreng terlalu kecil. Harga jg ga worth it for that.,Negatif,"Harga, Produk/Makanan",Sedang
Firman Yusi,Ya,62,4,6 tahun lalu,Tidak,"Tempat oke, makanan enak, pilihan menu cukup banyak, harga menarik, tidak kapok datang ke sini...",Positif,"Suasana/Tempat, Produk/Makanan",Rendah
Ira Deseilla Pawa,Ya,20,4,7 tahun lalu,Tidak,"Waktu datang disini sekitaran jam 10 malam, cukup ramai, namun penyajiannya cepat. Sambalnya enak.",Positif,"Pelayanan/Staf, Produk/Makanan",Rendah
Harapan Baru,Bukan,5,5,8 tahun lalu,Tidak,"Bagi pengemar kuliner penyetan, padin boleh jd tujuan kuliner ketika anda berada di surabaya.. Sambalnya mak nyuss..",Positif,Produk/Makanan,Rendah
kadek dedy a,Ya,466,3,9 tahun lalu,Tidak,"Buka 24 jam banyak pilihan menu, sambal dibuatkan pada saat pemesanan",Positif,Produk/Makanan,Rendah
Cha Taufik,Ya,169,5,3 tahun lalu,Tidak,"Ikan bakar nya, enak bener. Cara manggang yg pro menghasilkan ikan bakar dgn cita rasa istimewa",Positif,Produk/Makanan,Rendah
Irianto Atto,Ya,260,3,Diedit 8 tahun lalu,Tidak,Kuliner khas dgn menu utama bebek bakar/ goreng serta bbrp menu ikan atau ayam dgn harga bersaing di surabaya utara,Positif,"Produk/Makanan, Harga",Rendah
M Zulvikar Maulana,Ya,28,5,3 tahun lalu,Tidak,"enak banget, harganya worth it to buy rasanya authentik patut dicoba",Positif,"Produk/Makanan, Harga",Rendah
sapto cahyadi,Ya,46,3,7 tahun lalu,Tidak,Harganya..gak masuk akal ikan bawal goreng 60.000 ukuran sedang,Negatif,"Harga, Produk/Makanan",Sedang
Kartika Sari,Ya,133,4,6 tahun lalu,Tidak,"Sambalnya enak, bumbunya enak. Harganya cukup mahal sih buat makan di tempat yg sederhana",Negatif,"Harga, Produk/Makanan",Sedang
Cahyo Hp,Ya,77,4,7 tahun lalu,Tidak,"Sambalnya mantap terasa banget perpaduan tomat n trasinya, pilihan lauknya jg banyak.",Positif,Produk/Makanan,Rendah
Edi Arto,Ya,22,5,4 tahun lalu,Tidak,"Sambal ikan bakar nya mantab, tempat nya syahdu untuk makan malam, harga sesuai dengan yang disediakan",Positif,"Produk/Makanan, Suasana/Tempat",Rendah
Aurea Shifra,Bukan,6,2,3 tahun lalu,Tidak,"Rasanya biasa aja.sambelnya enak, tp tidak istimewa,,harganya lumayan mahal dgn rasa begonoh",Netral,"Produk/Makanan, Harga",Rendah
Agus Fauzy,Bukan,9,5,7 tahun lalu,Tidak,Aneka sambal menambah selera makan ditambah macam-macam menu ikan dan ayam serta lainnya lokasi strategis dan mudah dijangkau,Positif,"Produk/Makanan, Suasana/Tempat",Rendah
Candra Andhika,Ya,19,1,3 bulan lalu,Tidak,Mahal.,Negatif,Harga,Sedang
Hario Pamungkas,Bukan,8,5,6 tahun lalu,Tidak,Mantap masakannya . Salah satu tempat favorit buat isi perut di malam hari 😁 …,Positif,Produk/Makanan,Rendah
Saluna Erma,Ya,43,5,5 tahun lalu,Tidak,Warung tempat makan para kreator se indonesia hahahaha enak murah terjangkau sambel ee mantep,Positif,"Produk/Makanan, Harga",Rendah
Mathew Leman,Ya,148,3,4 tahun lalu,Ya,Mahal tapi pencitnya enak,Netral,"Produk/Makanan, Harga",Rendah
Puspita Muntiyarso,Ya,91,3,5 tahun lalu,Tidak,Bumbu bebeknya asin banget. Tapi sambal pencitnya lumaya enak. Tahu nya enak tapi agak hambar.,Netral,Produk/Makanan,Rendah
Bagus Izul,Ya,52,5,2 tahun lalu,Tidak,"Buka 24 jam harga terjangkau , rasa pas dan pelayanan ramah",Positif,"Produk/Makanan, Pelayanan/Staf",Rendah
Prajivkh,Bukan,6,1,setahun lalu,Tidak,Harga tidak masuk akal. Rasa b aja nothing special.,Negatif,"Produk/Makanan, Harga",Sedang
Imelda Kusprobowati,Ya,8,1,7 tahun lalu,Tidak,"Harga dan porsi tidak masuk akal, nasi ayam goreng dan es teh jumbo Rp. 51.000,-",Negatif,"Produk/Makanan, Harga",Sedang
Ambon Manis,Ya,75,3,3 tahun lalu,Tidak,Mahal sih...klo kelas menengah ke ats sih mungkin gk mahal..tp menengah ke bawah ya jls mahal lah,Negatif,Harga,Sedang
Akbar Habibie,Ya,15,4,8 tahun lalu,Tidak,"Buka 24 jam perkiran luas, tapi jikankalian yang budget pas pasan tempat ini tidak cocok bagi anda",Netral,"Fasilitas/Parkir, Harga",Rendah
maessa adellouis,Bukan,6,5,9 tahun lalu,Tidak,Tempat strategis.... Harga murah meriah dan terjangkau...... Menu sesuai selera dan mantap,Positif,"Produk/Makanan, Harga",Rendah
Nefo Achmad Echwan,Ya,18,5,2 tahun lalu,Tidak,"Tempat strategis, tempat nyaman, ada tempat parkir berbayar, penyajian cepat, InsyaAllah amanah",Positif,"Suasana/Tempat, Fasilitas/Parkir",Rendah
android samsung,Bukan,1,2,6 tahun lalu,Tidak,Bebek 1potong dada+nasi putih 47k Es jeruk 17k Luarbiasa...,Netral,"Harga, Produk/Makanan",Rendah
Herwin Johannes,Bukan,3,4,2 tahun lalu,Tidak,"Harga terlalu mahal, masakan biasa saja.",Negatif,"Harga, Produk/Makanan",Sedang
Ry Cubby,Ya,78,4,Diedit 8 tahun lalu,Tidak,yg suka pedes cocok dech mkn disini. buka 24 jam harga lumayan mahal sech,Netral,"Produk/Makanan, Harga",Rendah
SP,Ya,1475,4,7 tahun lalu,Ya,"Rasa lumayan, harga relative mahal..",Negatif,"Produk/Makanan, Harga",Sedang
ruston nursia,Bukan,4,1,2 tahun lalu,Tidak,Makan di penyetan murmer sama makan di padin beda harga padahal satu cabang,Negatif,Harga,Sedang
Bayu surya arga Sasmita,Ya,53,1,5 tahun lalu,Tidak,Maaf ga akan kstu lagi wes. Harga ne ga masuk akal. Rasanya juga biasaa bngt,Negatif,"Harga, Produk/Makanan",Sedang
Iwan Taruna Jaya,Ya,43,5,7 tahun lalu,Ya,Sambelnya wow...mantap,Positif,Produk/Makanan,Rendah
johanes remy,Bukan,2,1,4 tahun lalu,Tidak,"Lele goreng gak ada rasa bumbu, Anyep....dan harganya terlalu mahal",Negatif,"Produk/Makanan, Harga",Sedang
taufik salim,Ya,168,1,4 tahun lalu,Tidak,harga nya mahal mehong rasa nya biasa saja cukup sekali saja mampir di Padin,Negatif,"Harga, Produk/Makanan",Sedang
Chaca Hito,Ya,49,5,7 tahun lalu,Tidak,First time d ajak ke sni sma kesayangan sma tmn2 jadi rame gila gtu di table. Enak enak,Positif,"Suasana/Tempat, Produk/Makanan",Rendah
riki sastrasumitra,Ya,236,5,7 tahun lalu,Tidak,Disini saya makan ayam goreng dada + sate ati-ampla + tahu+tempe + esteh manis harga 49rb,Netral,"Harga, Produk/Makanan",Rendah
Riza Dee,Ya,37,5,6 tahun lalu,Tidak,"Ikannya besar, 1 ikan bisa 2 nasi. Jd lebih hemat dan mantap,,,tapi porsi nasi nya juga banyaakk bgt .",Positif,Produk/Makanan,Rendah
Jequarisman Piliang,Ya,321,5,3 tahun lalu,Tidak,"Menu paling lengkap se surabaya, harga murah, bisa di katakan tempat kuliner terenak se surabaya",Positif,"Produk/Makanan, Harga",Rendah
Cecilia Puspasari,Ya,164,5,7 tahun lalu,Tidak,"Porsinya sih banyak Tapi harganya artis banget...seimbang sih,enak banget soalnya...gih cobain",Positif,"Produk/Makanan, Harga",Rendah
Ivon Rusiawan,Ya,147,1,7 tahun lalu,Tidak,"Mahal bgt euy,makan lele 2 porsi abis 100rb wkwkwk",Negatif,"Harga, Produk/Makanan",Sedang
Wisnu Hadi,Ya,189,3,Diedit 3 tahun lalu,Tidak,Lumayan enak. Sesuai Harga.NyA standard di kalangan artis. Menengah ke atas.,Positif,"Harga, Produk/Makanan",Rendah
Eko Halim,Ya,465,5,3 tahun lalu,Ya,Paling enak larut malem makan bakaran,Positif,"Produk/Makanan, Suasana/Tempat",Rendah
chano Bara,Ya,41,4,4 tahun lalu,Tidak,"Sambal mantap banyak pilihanya, tapi lauk kadang kurang berasa bumbunya",Netral,Produk/Makanan,Rendah
Masda Sud,Ya,4,1,7 tahun lalu,Tidak,"Mahal banget!!!! Rasa hambar, plain... Tempatnya berantakan gada nyamannya...",Negatif,"Harga, Produk/Makanan",Sedang
frans yoga,Ya,179,5,5 tahun lalu,Ya,Mantap rek... sambelnya mantap....,Positif,Produk/Makanan,Rendah
Tha Puspitha,Bukan,6,1,2 tahun lalu,Tidak,"Bukan kelas restoran , tp kaki lima harga tidak masuk akal",Negatif,Harga,Sedang
Cemilan Bandung Channel,Ya,39,1,setahun lalu,Tidak,"Gila makan ikan, jeroan 2 tusuk 361rebu parah weyy",Negatif,"Harga, Produk/Makanan",Tinggi
Uzumaki Paijo,Ya,40,3,8 tahun lalu,Tidak,"harga lumayan mahal untuk penyetan surabaya, tempat lumayan lah enak untuk makan bareng rame rame",Netral,"Harga, Suasana/Tempat",Rendah
ali setiawan,Ya,281,4,7 tahun lalu,Tidak,Lumayan masakan nya....cuma tempatnya kurang luas dan panas ( cuma pakai kipas),Netral,"Produk/Makanan, Suasana/Tempat",Rendah
Rindang Setyawan,Ya,16,3,2 tahun lalu,Tidak,"Rasannya kurang begitu enak, pelayanan sangat ramah dan cepat",Netral,"Produk/Makanan, Pelayanan/Staf",Rendah
DAVIT SAPARINGGA,Ya,37,4,6 tahun lalu,Ya,Sambel nya enak. Harganya lumayan.,Positif,"Produk/Makanan, Harga",Rendah
Tio Abie Yoga,Ya,12,1,6 bulan lalu,Tidak,Larangg menang viral tok,Negatif,Harga,Sedang
avid kusariono (avidk),Ya,11,3,setahun lalu,Tidak,"Datengnya pas bubaran clubbing, sangat rekomen sekali. Hahahaha",Positif,"Suasana/Tempat, Produk/Makanan",Rendah
mila fidayanti,Bukan,12,1,7 tahun lalu,Tidak,rasa biasa. harga mahalnya luar binasa.... kapok makan sini lagi,Negatif,"Produk/Makanan, Harga",Sedang
santoso tan,Ya,380,5,2 tahun lalu,Tidak,"Sambal nya mantap, variant ikan perlu ditambah.",Positif,Produk/Makanan,Rendah
Irma Julianti,Bukan,6,1,3 tahun lalu,Tidak,Harga terlalu mahal dengan rasa dan penyajian nya ga wajar,Negatif,"Harga, Produk/Makanan",Sedang
ratih sulistyowati,Ya,75,4,6 tahun lalu,Ya,"Enak untuk sambal dan tahu gorengnya, maknyus",Positif,Produk/Makanan,Rendah
D. Martyra Niyhel,Ya,103,1,Diedit 7 tahun lalu,Tidak,Sambalnya satu cobek bisa bat rame2.. But so expensive 😭.. …,Negatif,"Harga, Produk/Makanan",Sedang
Jojo Rio,Ya,32,1,6 tahun lalu,Tidak,Makanan harganya g masuk akal kapok makan disini mending ke restoran sekalian,Negatif,"Harga, Produk/Makanan",Sedang
Nita Puspitasari,Ya,97,2,7 tahun lalu,Tidak,"Utk rasa ikan,ayam,dll&sambel'na biasa sj,yg unggul'na mngkn bka'na 24 jam",Netral,Produk/Makanan,Rendah
Kulinerku,Ya,265,5,8 tahun lalu,Tidak,"Rumah makan buka 24jam, lokasi tepat di jantung kota surabaya, bersebelahan dengan pasar bubutan surabaya",Netral,Suasana/Tempat,Rendah
Nisa Faticha,Ya,18,5,6 tahun lalu,Ya,"Tempat para artis.. sambel enak mantap pedasnya, harga lumayan buka 24jam",Positif,"Produk/Makanan, Harga",Rendah
Netaniacefira Kezia,Bukan,3,1,setahun lalu,Tidak,"MAHAL, IKAN KAKAP 200rb SANGAT KECIL, MAKANAN GAK ENAK!!!!!!",Negatif,"Harga, Produk/Makanan",Sedang
Titik nur hayati,Ya,15,3,5 tahun lalu,Tidak,"Sambel koreknya mantap,sambel pencit lumayan,sambel tomat biasa Harga standard",Positif,"Produk/Makanan, Harga",Rendah
Irbah Mufidah,Ya,55,1,9 bulan lalu,Tidak,Entah itu naruh harga maksudnya gimana,Negatif,Harga,Sedang
ARSIG 007,Ya,30,1,setahun lalu,Ya,Nggak recomended,Negatif,Lainnya,Sedang
adjie m,Ya,100,1,6 bulan lalu,Tidak,harga di luar nalar,Negatif,Harga,Sedang
Fenti Guspita,Ya,107,3,3 tahun lalu,Ya,Sambalnya mantap n unik,Positif,Produk/Makanan,Rendah
Muhammad Alfan Surya,Ya,48,4,9 tahun lalu,Tidak,"Cocok buat yg lapar di malam hari, khususnya jaga jam 00:00-04:00. Hehe",Positif,Suasana/Tempat,Rendah
Yudianto Joga,Ya,307,4,9 tahun lalu,Tidak,"Banyak pilihan, buka 24 jam. Selalu fresh dan enak. Sayang kalau sore banyak pengamen",Positif,"Produk/Makanan, Suasana/Tempat",Rendah
ade andreani,Ya,32,5,3 tahun lalu,Tidak,Sambal paling segar dan paling enak se Surabaya. Mahal tapi memang mantab! Seenak itu.,Positif,"Produk/Makanan, Harga",Rendah
Reza Masyhud,Ya,33,3,6 tahun lalu,Tidak,"Ada kecoa di tempat sampah sebelah wastafel, semoga kedepan lebih baik lagi untuk kebersihan.",Netral,"Suasana/Tempat, Fasilitas/Parkir",Sedang
Dedyn Prayoga,Ya,16,3,8 tahun lalu,Tidak,"Makanannya biasa, sambalnya yg lumayan enak bisa milih, tidak pedes sampai pedes banget",Netral,Produk/Makanan,Rendah
Dimas Syahrul,Ya,44,5,4 tahun lalu,Tidak,Banyak pilihan bermacam macam ikan. Porsi cukup banyak. Tp harganya selangit..,Netral,"Produk/Makanan, Harga",Rendah
Hendra Widjaja,Ya,278,1,6 tahun lalu,Tidak,Masakan ya gak seperti dulu Tahun 2010 sangat enak sambalnya dan goreng ikanya kering,Negatif,Produk/Makanan,Sedang
PRASETIA EKO BHIHARDJA,Bukan,9,4,5 tahun lalu,Tidak,"Tempat cukup bersih, bumbu ikan bakar kurang meresap,sambel lumayan",Netral,"Produk/Makanan, Suasana/Tempat",Rendah
Muhammad Mukhlas,Ya,88,4,7 tahun lalu,Tidak,Banyak pilihan menu. Bisa digoreng atau dibakar. Sambel sesuai selera pedasnya. Buka 24 Jam,Positif,Produk/Makanan,Rendah
Syarifah Kezimando,Bukan,16,5,4 tahun lalu,Tidak,Makananya memuaskan cuma wastafel n toilet mohon lebih bersih lagi,Positif,"Produk/Makanan, Fasilitas/Parkir",Rendah
wisnu asmara,Ya,37,5,7 tahun lalu,Tidak,Saya tdk bingung2 mncarikn tamu saya makan.yg enak dn setabil harga.,Positif,"Produk/Makanan, Harga",Rendah
david jo,Ya,29,1,8 tahun lalu,Tidak,Utk level warung..hargae mahal sekali... mending pecel ambulan sak jalan deket,Negatif,Harga,Sedang
andik mahendra,Ya,474,4,9 tahun lalu,Tidak,"Enak,nyaman,rame. Cocok buat nongkrong sama temen2. Harga agak mahal",Positif,"Suasana/Tempat, Harga",Rendah
ari nurdin,Ya,41,3,3 tahun lalu,Ya,Enak sambelnya tapi pastikan tanya harga yang dulu biar gak kaget ya...,Netral,"Produk/Makanan, Harga",Rendah
Buyung Maulana,Ya,8,1,9 tahun lalu,Tidak,Rasa biasa tempat kotor harga selangit . Gak recommend sama sekali,Negatif,"Produk/Makanan, Harga",Sedang
Mike Wijaya,Ya,28,1,7 tahun lalu,Tidak,"Mahal dan kurang enak masakannya, tdk ada daftar harganya...",Negatif,"Produk/Makanan, Harga",Sedang
azizah mila,Ya,22,5,2 tahun lalu,Tidak,"Sambelnya mantep, lauknya fresh, ikan bakarnya mantepp",Positif,Produk/Makanan,Rendah
ini budi,Ya,53,4,Diedit 6 tahun lalu,Tidak,Putus sm pacar..?? Stress berkepanjangan..?? Pesan sambel pedes e poll.. insha alloh ilang masalahnya wkwk,Positif,Produk/Makanan,Rendah
Rudi Anto asik,Ya,31,5,4 tahun lalu,Tidak,"Saya mitra grab food, kastamer saya mesan ayam goreng dan lele goreng, saya nunggu 25,mnt udah jadi dan cepat",Positif,"Pelayanan/Staf, Produk/Makanan",Rendah
aditya okky rifanza,Ya,25,5,7 tahun lalu,Tidak,Sangat recomended bagi yg suka kuliner pedas..banyak pilihan menu penyetan..,Positif,Produk/Makanan,Rendah
Wayan Mardana,Ya,74,4,9 tahun lalu,Tidak,"Rasanya biasa aja, harga juga kurang sesuai, yg diunggulin buka 24 jam aja",Netral,"Produk/Makanan, Harga",Rendah
Bobby Radityo,Bukan,3,1,2 tahun lalu,Tidak,Kalo ada bintang minus cocok sih buat tempat makan ini,Negatif,Lainnya,Sedang
herinta atha,Ya,5,5,8 tahun lalu,Tidak,Makanannya enak banget. Mau nambah juga gak akan kenyang2 😋 …,Positif,Produk/Makanan,Rendah
Yogik Prasetyo,Ya,46,5,6 tahun lalu,Tidak,"Langganan kalau sedang ke Surabaya, sambal mangga muda nya gak ada dua nya!",Positif,Produk/Makanan,Rendah
Abdul Waris,Ya,13,5,4 tahun lalu,Tidak,Ikan nya enak dengan sambal yang sesuai selera rakyat indonesia...tempatnya bersih,Positif,"Produk/Makanan, Suasana/Tempat",Rendah
Nurhayati Marbain,Ya,442,5,2 tahun lalu,Tidak,Makanan nya lumayan ..enak...suasana santai,Positif,"Produk/Makanan, Suasana/Tempat",Rendah
Alicia Joris,Bukan,7,1,5 bulan lalu,Tidak,mahal ya ternyata,Negatif,Harga,Sedang
Bron Van Leven Chanel,Bukan,5,1,setahun lalu,Tidak,Sudah kapok makan disitu harganya gak masuk akal,Negatif,Harga,Sedang
didit p,Ya,531,4,8 tahun lalu,Tidak,tempatnya ramai dan bisa pilih sambal unt rasa standart saja,Netral,"Produk/Makanan, Suasana/Tempat",Rendah
Mbak Rheni,Ya,158,2,9 tahun lalu,Tidak,"Terlalu mahal,panas , kasir yg laki2 terlalu arogan gak menghargai pembeli",Negatif,"Harga, Pelayanan/Staf",Tinggi
Fiki Ahmad Khoeruman,Ya,528,1,4 tahun lalu,Tidak,"mahal dan tempatnta gk nyaman, harga tdk sesuai rasa",Negatif,"Harga, Suasana/Tempat",Sedang
Annisa Rasitami,Ya,80,3,7 tahun lalu,Tidak,Biasa aja. Pernah makan yg lebih enak dengan harga yg lebih bersahabat.,Netral,"Produk/Makanan, Harga",Rendah
Ricky Wirawan,Ya,187,1,7 tahun lalu,Tidak,"ini tempat makan apa tempat foto ya, dimana2 kok ada foto.. makanan biasa aja mahal ga ketolongan",Negatif,"Produk/Makanan, Suasana/Tempat",Sedang
Alex putra,Bukan,2,1,4 bulan lalu,Tidak,Kapok....makan disini,Negatif,,Sedang
S Aprilya Chrysti,Ya,202,3,7 tahun lalu,Tidak,"Rasa enak, tapi harga agak mahal mengingat tempatnya juga ga seberapa bagus.",Netral,"Produk/Makanan, Suasana/Tempat",Rendah
Dhany 1645,Ya,363,5,6 tahun lalu,Ya,Ikan bakar 24 jam,Netral,Produk/Makanan,Rendah
ADIY,Ya,60,4,3 tahun lalu,Tidak,"Lalapan termahal yang pernah di makan, but so far the best lah rasanya",Positif,"Produk/Makanan, Harga",Rendah
pak poeh,Ya,22,4,7 tahun lalu,Tidak,Tempat makan 24 jam dan banyak menu pilihan yang menggoda lidah untuk merasakannya....,Positif,"Produk/Makanan, Suasana/Tempat",Rendah
Shinta Andika,Ya,110,4,5 tahun lalu,Ya,Tempat makannya artis 😅 …,Netral,Suasana/Tempat,Rendah
Kemal Itsnakaafi,Bukan,4,1,3 tahun lalu,Tidak,"overprice parah, ga worth it. masih banyak penyetan yang lebih worth the price",Negatif,Harga,Sedang
Dady Sampurna,Ya,204,4,9 tahun lalu,Tidak,Rumah makan 24 jam. Biasanya mulai ramai saat sore - malam.,Netral,Suasana/Tempat,Rendah
Zuhal Muchlis,Ya,5,1,5 tahun lalu,Tidak,Gak sih kalau saya. Harga 1/5 Rasa 2/5 Kebersihan 1/5,Negatif,"Produk/Makanan, Suasana/Tempat",Sedang
wyasmu,Ya,417,4,9 tahun lalu,Tidak,buka 24jam. subuh2 pun bisa langsung makan. dekat dgn stasiun turi pula,Positif,Suasana/Tempat,Rendah
Sentot.n HS.Pardjono (Sentot.n),Ya,563,3,7 tahun lalu,Tidak,"Nyaman dan cocok untuk transit makan siang, dekat dng stasiun pasar turi.",Positif,Suasana/Tempat,Rendah
Iwan Moerdiyanto,Ya,37,5,9 tahun lalu,Tidak,"Buka 24 jam... Lauknya lengkap, sambel nya enak... Tempatnya nyaman..",Positif,"Produk/Makanan, Suasana/Tempat",Rendah
Regina Napitupulu,Ya,120,1,10 tahun lalu,Tidak,Mahal amsyoong dengan rasa biasa aja dan tempat sedikit krg bersih,Negatif,"Produk/Makanan, Suasana/Tempat",Sedang
Trip Hukum,Ya,88,5,4 tahun lalu,Ya,"Orangnya ramah2 , rasa nya juga oke. Kuliner surabaya yang wajib dikunjungi",Positif,"Pelayanan/Staf, Produk/Makanan",Rendah
Fariz Syahputra,Ya,30,1,3 tahun lalu,Tidak,Terlalu mahal makan berempat bisa habis lebih dri 300rb,Negatif,Harga,Sedang
Bonar Aguste Sri Purwadiningrat,Ya,28,5,7 tahun lalu,Tidak,Tempat asik banget.... Yg suka pedes boleh di coba sambalnya mantap,Positif,"Suasana/Tempat, Produk/Makanan",Rendah
Yulie Ana,Ya,29,5,3 tahun lalu,Tidak,"Rumah makan 24 jam dekat stasiun, menunya bervariasi",Positif,Produk/Makanan,Rendah
xtian tambunan,Ya,47,4,7 tahun lalu,Tidak,"agak mahal sih di bandingkan dgn yg lain, cuman rasa sambelnya khas",Netral,"Harga, Produk/Makanan",Rendah
Eddy Huang,Ya,23,1,8 bulan lalu,Tidak,Serasa makan di tempat dugem 🤣🤣 …,Netral,Suasana/Tempat,Rendah
Dewa Putu Surya Atmaja,Ya,37,5,8 bulan lalu,Tidak,Makanan enak sesuai ekspektasi.,Positif,Produk/Makanan,Rendah
Ibham Faqih Muballaghin Assiddiqi,Ya,14,3,7 tahun lalu,Tidak,Tempat makan kurang nyaman. Harga cukup mahal dibanding tempat makan lain.,Negatif,"Suasana/Tempat, Harga",Sedang
Ali Syahbana,Ya,90,4,Diedit 6 tahun lalu,Tidak,"Penyetan dengan sambel paling segar di Surabaya, sayang harganya di atas rata-rata untuk penyetan",Netral,"Produk/Makanan, Harga",Rendah
eko soegeng,Ya,307,1,7 tahun lalu,Tidak,Semakin lama menurun kualitasnya...nasi dingin dan keras...bebek gorengnya alot,Negatif,Produk/Makanan,Sedang
Hendro Yosua,Ya,798,4,6 tahun lalu,Tidak,"Tempat dan makanannya enak, hanya saja agak relatif mahal",Positif,"Suasana/Tempat, Produk/Makanan",Rendah
Benedictus Hendrik,Ya,75,5,9 tahun lalu,Tidak,"Tempat makan yang menjual olahan unggas serta hasil laut, pada event tertentu tempat ini ramai",Netral,Produk/Makanan,Rendah
alwi sodiq,Ya,145,5,setahun lalu,Ya,Tempatnya nyaman,Positif,Suasana/Tempat,Rendah
Zati Daily,Ya,21,1,2 tahun lalu,Tidak,Harganya nggak ngakal.. cari tempat lain aja,Negatif,Harga,Sedang
Neneng Noorziah,Ya,23,4,6 tahun lalu,Tidak,"Tempatnya biasa , rasanya lumayan tapi harga nya seperti restoran ternama",Negatif,"Suasana/Tempat, Harga",Sedang
Bondan A.P,Ya,105,5,4 tahun lalu,Tidak,Enak Cuman sayang harganya untuk Katong menengah ke atas 😅🙏 …,Netral,"Produk/Makanan, Harga",Rendah
wasis anggoro,Bukan,3,1,2 tahun lalu,Tidak,"Larang, cenderung ga masuk akal rego e... Pantesan sepi saikii",Negatif,Harga,Sedang
melian utari,Ya,198,4,8 tahun lalu,Tidak,"rasanya enak, harga mahal, tempat agak kotor, menu lengkap, sambalnya mantab",Netral,"Produk/Makanan, Harga",Sedang
Syawal A****,Ya,14,3,6 tahun lalu,Tidak,"Sambalnya yg khas, ikan goreng besar tp rasa biasa aja",Netral,Produk/Makanan,Rendah
UMKM live,Ya,46,4,3 tahun lalu,Tidak,"Ramai sekali, buka 24Jam. Kelas menengah atas.....",Positif,"Suasana/Tempat, Harga",Rendah
siti _happiness,Ya,8,4,4 tahun lalu,Ya,Menu sayurnya kurang,Negatif,Produk/Makanan,Sedang
Vivi ANGGRAENI,Ya,64,5,5 tahun lalu,Tidak,"Lemgkap ikan bakar laut dan air tawar, ayam dan bebek. Sambel enak",Positif,Produk/Makanan,Rendah
Agus Sulianto Adam,Ya,94,4,7 tahun lalu,Tidak,"Macam2 Ikan bakar & goreng yg menggoda , rekomendasi utk di coba dan selalu ramai yg beli",Positif,Produk/Makanan,Rendah
Coba Coba,Ya,16,4,7 tahun lalu,Tidak,Untuk harga yg berpenghasilan umr sprti saya sih lmyan mahal wkwkwk,Netral,Harga,Rendah
Achie Lagi,Ya,48,3,6 tahun lalu,Tidak,Untuk harga dan tempat g matching n rasa lumayan.. service ok,Netral,"Harga, Suasana/Tempat",Sedang
Djoko Setiawan,Ya,442,5,3 tahun lalu,Tidak,Ikan bakar tanpa digoreng. Sambalnya sedep! Ikan dorang lebih enak dari lainnya.,Positif,Produk/Makanan,Rendah
Yenni Artika,Bukan,3,1,setahun lalu,Tidak,terlalu mahal untuk makanan seperti itu😭 …,Negatif,"Produk/Makanan, Harga",Sedang
Matthew Reinhard I,Ya,42,5,6 tahun lalu,Tidak,Harganya agak mahal tapi enak bgt. Jadi worth it lah,Positif,"Produk/Makanan, Harga",Rendah
reza andrea,Ya,192,3,8 tahun lalu,Tidak,"Terongnya enak, harga sedikit lebih mahal dari penyetan lain, tapi okelah",Positif,"Produk/Makanan, Harga",Rendah
Budi Cirebon,Ya,14,1,8 tahun lalu,Tidak,Tempat nya kotor rasa kurang enak harga cukup mahal,Negatif,"Produk/Makanan, Suasana/Tempat",Sedang
iwanvairus,Ya,663,4,8 tahun lalu,Ya,alhamdulillah ..sambalnya mantap,Positif,Produk/Makanan,Rendah
Tamara Rose,Ya,49,3,7 tahun lalu,Tidak,Mungkin di butuhkan renovasi lagi agar tempatnya lebih terlihat nyaman dan bersih...,Netral,Suasana/Tempat,Rendah
johanes dwi cahya,Ya,62,5,2 tahun lalu,Tidak,"Sambel nya harus d coba semua, pelayanan nya juga cepet banget",Positif,"Produk/Makanan, Pelayanan/Staf",Rendah
dewy Novi,Ya,174,4,4 tahun lalu,Ya,Ikan segar hargapun segar Juara sambelnya,Positif,"Produk/Makanan, Harga",Rendah
Wenyta Weny,Ya,52,4,9 tahun lalu,Tidak,Open 24hours. Bisa request sambal dengan tingkat kepedasan berbeda,Positif,Produk/Makanan,Rendah
Luken Honeyta,Bukan,3,1,5 tahun lalu,Tidak,Pengunjung rame tp sambalnya asin n hrga mknannya mahal,Negatif,"Produk/Makanan, Harga",Sedang
ainudin cholid,Ya,25,5,4 tahun lalu,Tidak,"Masakannya sangat enak , ikannya fres pelayanan ramah",Positif,"Produk/Makanan, Pelayanan/Staf",Rendah
Alraf Arsenio,Bukan,10,4,7 tahun lalu,Tidak,masakan khas sambel yang ada di surabaya dan hanya padin yang lengkap dalam hal lauk pauk,Positif,Produk/Makanan,Rendah
Budi Prasetyo,Ya,56,5,3 bulan lalu,Tidak,"Legenda ,",Positif,Lainnya,Rendah
Awe 86,Ya,220,3,8 tahun lalu,Tidak,"Sambalnya lumayan enak, tapi harganya kurang besahabat. Mahal bro",Negatif,"Produk/Makanan, Harga",Sedang
Arfaun Syah,Ya,16,4,8 tahun lalu,Tidak,Suasana bagus ramai. Harga kelas atas. Sajian 8/10,Positif,"Suasana/Tempat, Harga",Rendah
Rhoma Bhineka Yudha,Bukan,5,5,2 tahun lalu,Tidak,"Rasa yang menggoda dilidah, pelayanan cepat dan ramah 👍👍👍 …",Positif,"Produk/Makanan, Pelayanan/Staf",Rendah
Rio PRANATA,Ya,30,5,3 tahun lalu,Ya,Seenak itu memang,Positif,Produk/Makanan,Rendah
Setyo Nugroho,Ya,499,5,4 tahun lalu,Tidak,Banyak pilihan ikan dan lauk. Tongkrongan oke buat begadang rame²,Positif,"Produk/Makanan, Suasana/Tempat",Rendah
nur laila ramadhani,Bukan,3,2,setahun lalu,Tidak,"Kalkulator rusak sih, rasa B aja",Netral,Produk/Makanan,Rendah
Soundchester 1993,Bukan,13,3,7 tahun lalu,Tidak,Sambalnya mantap. Cuma kurang bersih aja. Dan kelihatan kurang fresh gt.,Negatif,"Produk/Makanan, Suasana/Tempat",Sedang
Silvia Hadriani,Ya,28,3,7 tahun lalu,Tidak,Jika anda ga bisa makan klo ga pedas..bisa kesini. Yg penting ada sambal dan pedas.,Positif,Produk/Makanan,Rendah
Deezhaq Mersecty,Ya,112,4,7 tahun lalu,Tidak,"Banyak varian makanan nya, sambalnya enak, buka 24 jam dan tetap banyak varian menu nya",Positif,Produk/Makanan,Rendah
Nardi Sadewa,Ya,62,3,7 tahun lalu,Tidak,"Kalah cepet ikan bakar abis,....lma nunggunya, pesenan kurang terakomodir...",Negatif,"Produk/Makanan, Pelayanan/Staf",Sedang
Ucik Eunchie,Ya,63,4,7 tahun lalu,Tidak,Rasa makanan dan sambalnya enak cuma harganya mahal beud,Negatif,"Produk/Makanan, Harga",Sedang
Marcel Hayon,Ya,29,5,6 tahun lalu,Tidak,"Disini sambalnya sih yg maknyos..klo yg lain,ya lumayanlah,enak..",Positif,Produk/Makanan,Rendah
Muhammad Eryan Fernando,Ya,16,1,setahun lalu,Tidak,MAHAL BANGET! GAK WORTH IT! …,Negatif,Harga,Sedang
Sigit HB Sitorus,Bukan,4,1,setahun lalu,Tidak,Mahall!! pertama kali ke surabaya makan kesini,Negatif,Harga,Sedang
Chandra Septi,Ya,18,4,7 tahun lalu,Tidak,Sambelnya enak pedesnya nampol shayy Menu sih biasa,Positif,Produk/Makanan,Rendah
Rio Bachtiar suyitno,Ya,7,5,2 tahun lalu,Ya,Terbaik pokok nya,Positif,,Rendah
luluk yugo nugroho,Bukan,5,2,4 tahun lalu,Tidak,Cukup sekali makan disitu.. Biasakan Tanya harga sebelum membeli,Negatif,Harga,Sedang
E D E Dt Mudo Piliang,Ya,23,4,7 tahun lalu,Tidak,Kuliner berada dalam bg jungtion mall beserta macam2 kuliner lainnya....,Netral,Suasana/Tempat,Rendah
Devara Gian,Ya,109,2,7 tahun lalu,Tidak,Masakan enak. Tapi harga nya terlanjur mahal dan tidak logis.,Negatif,"Produk/Makanan, Harga",Sedang
iwan azhari,Ya,213,5,7 tahun lalu,Tidak,Menu ikannya tinggal pilih mau d goreng apa d bakar...mantap,Positif,Produk/Makanan,Rendah
Werdiningsih Riyanti,Bukan,3,5,7 tahun lalu,Tidak,Benar benar eenak tenan.....sambalnya no 1. tiada duanya.,Positif,Produk/Makanan,Rendah
Malinda Eka Wahyuni,Ya,27,5,5 tahun lalu,Tidak,Yang suka kulineran aneka sambelan tempat ini cocok banget.banyak menu ya,Positif,"Produk/Makanan, Suasana/Tempat",Rendah
Fairy Tale,Ya,121,1,7 tahun lalu,Tidak,"Overprice, Rasa dibawah standard. Tempat rame bukan jaminan enak",Negatif,"Harga, Produk/Makanan",Sedang
Avianti Ria Andini,Ya,60,4,5 tahun lalu,Tidak,"Enak sambelnya bneran pedes, tp mahal bgt hrga nya",Netral,"Produk/Makanan, Harga",Rendah
Citra Dewi Kumalasari,Bukan,6,1,setahun lalu,Tidak,Mahall . Makanannya keras. Jangan kesini !!!!,Negatif,"Harga, Produk/Makanan",Sedang
Arrohman Imanudin H,Ya,15,4,7 tahun lalu,Tidak,"Buka 24 jam, khusus yg berkantong tebal, masakan dijamin 👍 …",Positif,Produk/Makanan,Rendah
Stevanus Sopaheluwakan,Bukan,16,3,7 tahun lalu,Tidak,Untuk tempatnya lumayan tp untuk lauknya seharusnya jangam di taruh di pinggir jalan,Netral,"Suasana/Tempat, Produk/Makanan",Sedang
Aan1 Pribadi1,Bukan,5,4,5 tahun lalu,Tidak,Rmh makan padin pelayannya kurang ramah banyak kurang ramah pada hal pelayanan,Negatif,Pelayanan/Staf,Sedang
anton suyono,Ya,182,4,8 tahun lalu,Tidak,Banyak pilihan lauk.. sambelnya mantap.. cuma harganya lumayan ngeri.. 😀 …,Positif,"Produk/Makanan, Harga",Rendah
Dave ness,Ya,17,1,setahun lalu,Tidak,mahal rasanya b aja,Negatif,"Harga, Produk/Makanan",Sedang
AS Channel,Ya,71,4,8 tahun lalu,Ya,Ikannya mantaaf...,Positif,Produk/Makanan,Rendah
Pranadhe Rosi Anwar,Ya,325,3,6 tahun lalu,Tidak,harga mahal dan masakan gak begitu enak,Negatif,"Harga, Produk/Makanan",Sedang
Sanathana Threesixty,Ya,364,5,5 tahun lalu,Tidak,"Restaurant simpel, harga terjangkau dan banyak pilihan, rasa ckp enak",Positif,"Harga, Produk/Makanan",Rendah
Meme Dia,Ya,76,2,8 tahun lalu,Tidak,Harganya menu makananya sangat mahL dan tidak masuk akal,Negatif,Harga,Sedang
himawan adi,Ya,22,5,7 tahun lalu,Tidak,Makanannya enak apalagi sambalnya . . Nendang banget...,Positif,Produk/Makanan,Rendah
Yayasan Parapsikologi Semesta Alam,Bukan,2,1,2 tahun lalu,Tidak,Disini bukan jual makan to jual foto artis mahal gaenak,Negatif,"Harga, Produk/Makanan",Sedang
Hey Gick,Ya,43,3,7 tahun lalu,Tidak,Harga makanan bikin kaget...ati2 yg ekonomi lemah,Negatif,Harga,Sedang
Farid Trimurianto,Ya,414,3,7 tahun lalu,Tidak,Sambalnya mantap. Makannya enak. Harganya relatif mahal,Positif,"Produk/Makanan, Harga",Rendah
Norman Esa,Ya,28,5,6 tahun lalu,Tidak,Mahal gilaa untuk ikan yg tidak fresh. Gak mane2 wes,Negatif,"Produk/Makanan, Harga",Tinggi
Andi Darmawan,Ya,14,2,3 tahun lalu,Tidak,Untuk harga termasuk MAHAL ga worth it dengan apa yg didapat,Negatif,Harga,Sedang
Khrisna,Bukan,3,1,3 tahun lalu,Tidak,"HARGA TIDAK MASUK AKAL, HATI HATI YAA, MASIH MURAH MAKAN DI HOTEL BINTANG 5",Negatif,Harga,Sedang
Dodi Dhodz,Bukan,12,5,7 tahun lalu,Tidak,Tempat makannya nyaman&enak plus ada wifinya..mantul,Positif,"Suasana/Tempat, Fasilitas/Parkir",Rendah
Herwin Uniarso,Bukan,6,4,9 tahun lalu,Tidak,"Tempat makan siap saji, sambelnya enak, harga premium",Positif,"Produk/Makanan, Harga",Rendah
Yohan Hotana,Ya,516,1,6 tahun lalu,Ya,Lele harga 18rb,Netral,"Produk/Makanan, Harga",Rendah
ilanawp kulalein,Ya,12,3,7 tahun lalu,Tidak,"Makanan enak. Pelayanan nya galak, dan tempat nya rada kotor.",Negatif,"Produk/Makanan, Pelayanan/Staf",Sedang
Muhammad Yasin,Ya,7,5,5 tahun lalu,Tidak,"Rumah makan yg sangat menghargai ojol, terimakasih banyak🙏🏽🥺 …",Positif,Pelayanan/Staf,Rendah
Arya Hendra,Bukan,2,1,2 tahun lalu,Tidak,Harga makanananya setara restoran berbintang😅 …,Negatif,Harga,Sedang
fahri yadi,Bukan,1,4,5 tahun lalu,Ya,Sambalnya mantap,Positif,Produk/Makanan,Rendah
antonius marianto,Ya,35,1,7 tahun lalu,Tidak,Harganya menjebak... Muahal tapi rasa makannya standart,Negatif,"Produk/Makanan, Harga",Sedang
VRM VRM,Ya,19,3,3 tahun lalu,Tidak,Makan gurame seukuran telapak 130rb. Worth it ga ya????,Negatif,"Produk/Makanan, Harga",Sedang
Amin Rohman Soleh,Ya,3,1,2 tahun lalu,Tidak,Gak worth it harga mahal sekali,Negatif,Harga,Sedang
Evin Kridarti,Bukan,18,4,4 tahun lalu,Tidak,"Gorengan, sambelan komplit dg varian sambel yg bikin laperr😋😘 …",Positif,Produk/Makanan,Rendah
Sunaryo Noto Prawiro,Ya,21,4,8 tahun lalu,Tidak,Sambal nya lumayan dan tersedia 24 jam... 👍 …,Positif,Produk/Makanan,Rendah
Maulana N,Ya,37,5,7 tahun lalu,Tidak,"Sambal nya segar, bebeknya enak, walau harga cukup mahal",Positif,"Produk/Makanan, Harga",Rendah
Bagas Arya Damara,Ya,233,5,8 tahun lalu,Tidak,siapa yang gak tau padin ibu dewi ini. best penyetan in town. cumi asin recommended.,Positif,Produk/Makanan,Rendah
Vyn dri,Ya,20,5,7 tahun lalu,Ya,sambelnya.. pueedess e poll,Positif,Produk/Makanan,Rendah
Budiyatno Sutomo,Ya,992,3,6 tahun lalu,Tidak,terkenal tapi pas kami kok keras ya dagingnya..... whats wrong ?,Negatif,Produk/Makanan,Sedang
Ananda Adhitya,Ya,10,3,3 tahun lalu,Tidak,Mahal tapi rasa biasa saja. gak ada yang istimewa,Negatif,"Produk/Makanan, Harga",Sedang
hilda nurfarida,Ya,23,2,2 tahun lalu,Tidak,That's a bit pricey...sekelas kaki lima😁😁🙏🙏 …,Negatif,Harga,Sedang
Rieta Viola,Ya,48,3,6 tahun lalu,Tidak,"Sambelnya enak,agak keselek aja pas bayar hihihi",Positif,"Produk/Makanan, Harga",Rendah
Yohanes Eleanor,Ya,51,5,7 tahun lalu,Tidak,"Enak tapi agak mahal, Coba murah dikit, rame lagi tuh padin",Netral,"Produk/Makanan, Harga",Rendah
Rahmat Romadon,Ya,34,4,11 tahun lalu,Tidak,Salah satu tempat makan terbaik surabaya. 24 jam juga,Positif,"Produk/Makanan, Suasana/Tempat",Rendah
Alumni MAN (KAMEL99),Ya,49,1,8 tahun lalu,Ya,biasa aja,Negatif,Produk/Makanan,Sedang
Aisha Pagiling,Ya,277,1,7 tahun lalu,Tidak,Harga 3/9 rasa 5/9 tempat 1/9 parah!,Negatif,"Produk/Makanan, Suasana/Tempat",Sedang
Adhika Prana Admaja,Ya,75,5,3 tahun lalu,Ya,Sambelnya mantab,Positif,Produk/Makanan,Rendah
Yoesrianto Tahir,Ya,498,5,Diedit 8 tahun lalu,Tidak,Sambal pencitnya mantaap. Tapi kayaknya tambah mahal. Heheheh,Positif,"Produk/Makanan, Harga",Rendah
Rumah Keluarga Profesional,Ya,53,1,8 tahun lalu,Tidak,"makanan di sini sudah mahal2, bahkan per item di hargai mahal",Negatif,Harga,Sedang
Willyam Marga,Ya,24,1,6 tahun lalu,Tidak,Kurang recomeded ... terlalu mahal dan rasa biasa saja,Negatif,"Produk/Makanan, Harga",Sedang
Stephanus Rahendra,Ya,42,4,3 tahun lalu,Tidak,"Sambal langsung dari cobek dengan ikan bakar, mantap 👍 …",Positif,Produk/Makanan,Rendah
Achmad Fajar Kurnianto,Bukan,4,1,3 bulan lalu,Tidak,mahal,Negatif,Harga,Sedang
Ricky Herald,Ya,398,5,6 tahun lalu,Tidak,Pesan sambel pedas...ternyata memang pedasnya poll... 👍😋 …,Positif,Produk/Makanan,Rendah
Wexku Aja,Bukan,188,3,4 tahun lalu,Tidak,"Jangan kaget harga lauk, kecuali tahu dan tempe",Negatif,Harga,Sedang
Andreas Sianipar,Ya,94,4,7 tahun lalu,Tidak,"Menu banyak, variatif, lumayan enak, sambelnya pedes bgt, tapi parkir di sana susah",Netral,"Produk/Makanan, Fasilitas/Parkir",Sedang
Yulia Rahmawati,Bukan,4,1,8 tahun lalu,Tidak,"Rasa biasa aja, harga mahal banget. Not recommended",Negatif,"Produk/Makanan, Harga",Sedang
Galih Pram,Bukan,5,3,7 tahun lalu,Tidak,Sambalnya nendang namun harga makanan yang ditawarkan aje gile,Negatif,"Produk/Makanan, Harga",Sedang
Eko Cahyono,Bukan,3,1,setahun lalu,Tidak,HARGA MAHAL RÀSA BIASA YG JUAL AGAK JUDES,Negatif,"Pelayanan/Staf, Harga",Sedang
Dwi Lafi Noverryanto,Ya,46,2,6 tahun lalu,Tidak,Mahaall. Bebek goreng makan berdua 132 ribuu,Negatif,Harga,Sedang
Andrie Wisnu - Tangsel,Ya,283,4,7 tahun lalu,Tidak,perlu makanan enak yg buka 24 jam...cobain deh yg ini 😍😍 …,Positif,Produk/Makanan,Rendah
Safrizal Akbar11,Bukan,5,1,5 bulan lalu,Tidak,larang,Negatif,Harga,Sedang
Queensha Aisya Rachquell Azka Sandya,Ya,219,3,4 tahun lalu,Tidak,"Ikan bakarnya enak, namun sayang harganya yang sedikit mahal...",Netral,"Produk/Makanan, Harga",Sedang
Giok Listiani,Bukan,1,5,8 tahun lalu,Tidak,Tempat jual makanan bebek dan sebagainya yang terdekat dari pasar Blauran Surabaya,Netral,Suasana/Tempat,Rendah
Sukmawati Wati,Ya,44,5,4 tahun lalu,Tidak,Mantap rasa TDK bisa lupa dengan macam2 sambal,Positif,Produk/Makanan,Rendah
Happy Tour Surabaya,Ya,525,3,7 tahun lalu,Tidak,Harganya terlalu mahal kalau buat golongan menengah kebawah,Negatif,Harga,Sedang
Adang 123,Bukan,5,5,7 tahun lalu,Tidak,Menunya cocok dilidah..tempatnya mudah dihangkau.,Positif,"Produk/Makanan, Suasana/Tempat",Rendah
Anyah Mardi,Ya,111,5,3 tahun lalu,Ya,Suka bgt dsni Krn ada Pete sama kulupan nya,Positif,Produk/Makanan,Rendah
M Safri,Ya,165,5,2 tahun lalu,Ya,Mantull Buat kumpul²,Positif,Suasana/Tempat,Rendah
hendro prasetyo,Bukan,7,5,7 tahun lalu,Tidak,"Makanan enak, yg seneng menu penyetan cobain deh...",Positif,Produk/Makanan,Rendah
Benz Parzoo,Ya,24,5,7 tahun lalu,Tidak,Rasanya mantap wajib di kunjungi buat yg suka kuliner,Positif,Produk/Makanan,Rendah
Mufid Khoiruli,Ya,133,2,10 tahun lalu,Tidak,"Rasa standar, dg harga ... *tiitt* #ilangsinyal 👎 …",Netral,"Produk/Makanan, Harga",Rendah
Ade Pragawan,Ya,67,5,6 tahun lalu,Tidak,Kalau ke surabaya harus mengunjungi tempat makan ini.. ajiib rasanya,Positif,"Produk/Makanan, Suasana/Tempat",Rendah
Rika Jho Story,Ya,309,3,setahun lalu,Tidak,Harga agak mahal. Tempat kumuh,Negatif,"Harga, Suasana/Tempat",Sedang
Doctor Tour,Ya,173,4,6 tahun lalu,Tidak,Sambalnya enak. Cuman harga diatas rata rata,Netral,"Produk/Makanan, Harga",Rendah
Andrean Novan,Bukan,2,1,8 tahun lalu,Tidak,Tempat apa ini harga tidak di tempelin Tau2 mahal Not recommended,Negatif,Harga,Sedang
Kholid Junaidi,Ya,89,5,7 tahun lalu,Tidak,Rumah makan enak dan bisa menyesuaikan dengan sang pemesan,Positif,Produk/Makanan,Rendah
Edi Toni Budianto,Ya,24,5,7 tahun lalu,Ya,Alhamdulillah.. nikmatnya,Positif,Produk/Makanan,Rendah
Daniel Hasan,Ya,65,5,6 tahun lalu,Tidak,Enak cuma mahal buat ukuran warung penyetan.,Netral,"Produk/Makanan, Harga",Rendah
dina amin,Bukan,3,1,7 tahun lalu,Tidak,muahal pool. rasa ga enak. kok laku yaa warung ini 😂😂😂😂 …,Negatif,"Harga, Produk/Makanan",Sedang
M Wahyoe HR,Ya,47,3,4 tahun lalu,Tidak,"Sambelnya enak, tapi harganya saya kira kemahalan",Netral,"Produk/Makanan, Harga",Rendah
metha dias,Ya,124,4,8 tahun lalu,Tidak,Sambelnya mantap. Lauknya variatif. Harganya cukup mahal.,Positif,"Produk/Makanan, Harga",Rendah
Muby Metagora,Ya,114,1,4 tahun lalu,Tidak,Mahal ga masuk akal. Enak? Nggak.. bersih? Nggak juga..,Negatif,"Harga, Produk/Makanan",Sedang
asri mulianti,Ya,39,5,4 tahun lalu,Ya,Maaf ftox kehapus,Positif,Lainnya,Rendah
doddy triadi,Ya,117,5,4 tahun lalu,Tidak,"Rasa enak, harga lumayan, tempat bersih,",Positif,"Produk/Makanan, Harga",Rendah
Den Bagus Gleyor,Ya,19,4,7 tahun lalu,Tidak,Sambal dan lalapanya mak yus...yg suka pedas di sini tempatnya,Positif,"Produk/Makanan, Suasana/Tempat",Rendah
Imam Kambali,Ya,93,4,Diedit 3 tahun lalu,Tidak,"Buka 24 jam, tampilan ruangan lebih menarik",Positif,Suasana/Tempat,Rendah
Teguh Wahyudi,Ya,748,3,3 tahun lalu,Tidak,cukup mahal utk makan berdua saja,Negatif,Harga,Rendah
Okky Putra,Ya,109,5,7 tahun lalu,Tidak,"ini enak cuman menurut saya agak mahal, atau saya yang berlebihan haha",Netral,"Produk/Makanan, Harga",Rendah
Balqis Isnania,Ya,18,5,7 tahun lalu,Tidak,Harga sesuai dg porsinya yg besar,Positif,"Harga, Produk/Makanan",Rendah
wahyu ical,Ya,18,5,7 tahun lalu,Tidak,Jam 3 makan disini ikannya masih fresh saja,Positif,Produk/Makanan,Rendah
Heri.Supriyanto LaLight,Ya,44,5,3 tahun lalu,Tidak,"Wenak ikane segar.. Layanan cepat, suasana ramee",Positif,"Produk/Makanan, Pelayanan/Staf",Rendah
Pungky Fitra,Bukan,2,1,setahun lalu,Tidak,Resto Butuh Duit Asuu,Negatif,Lainnya,Tinggi
PT. DWI PUTRA SULUNG,Ya,10,4,7 tahun lalu,Tidak,Cocok bagi yg hobbi pedas dan buka 24 jam,Positif,Produk/Makanan,Rendah
Wahyudin Aziz,Ya,128,5,5 tahun lalu,Tidak,Rasanya selalu mantab. Harga diatas rata-rata.,Positif,"Produk/Makanan, Harga",Rendah
Arif Rahman,Bukan,8,4,7 tahun lalu,Tidak,Ya tempatnya besar n masakan lumayan enak,Positif,"Suasana/Tempat, Produk/Makanan",Rendah
emi kurniati,Ya,78,4,5 tahun lalu,Tidak,"Varian makanan banyak, tempat strategis dan harga bersaing",Positif,"Produk/Makanan, Harga",Rendah
junie darmaningrum,Bukan,10,4,3 tahun lalu,Tidak,Makanannya cukup enak dan harganya cukup mahal,Positif,"Produk/Makanan, Harga",Rendah
herry gunawan,Ya,22,5,7 tahun lalu,Tidak,Sambal pencit nya enak. Bisa request sambal pedes puoll,Positif,Produk/Makanan,Rendah
Andi Wibisono,Ya,12,5,Diedit 7 tahun lalu,Tidak,Sambal nya mantap super pedas ikan bakar nya enak,Positif,Produk/Makanan,Rendah
Widi Feriyanto,Ya,202,4,7 tahun lalu,Tidak,"Padin ikan goreng penyet Surabaya, Harga Hemat Rasa Mantap",Positif,"Produk/Makanan, Harga",Rendah
Radhitya Kurniawan,Ya,178,5,7 tahun lalu,Tidak,"Enak masakannya, cuma kadang agak ribet parkir...",Netral,"Produk/Makanan, Fasilitas/Parkir",Rendah
Ali Yasin,Ya,324,4,Diedit 6 bulan lalu,Tidak,Kuliner wajib klo pas ke Surabaya buka 24 jam,Positif,Produk/Makanan,Rendah
Novalinda Arianty,Ya,49,4,7 tahun lalu,Tidak,Ikan gorengnya enak walopun harganya cukup mahal 😁 …,Positif,"Produk/Makanan, Harga",Rendah
teng fery,Ya,422,2,4 tahun lalu,Tidak,Tempat kurang terawat... harga lumayan mahal...,Negatif,"Suasana/Tempat, Harga",Sedang
Diana Gultom,Ya,46,5,7 tahun lalu,Tidak,"Tempatnya strategis,menu ikannya banyak dan harganya terjangkau",Positif,"Produk/Makanan, Harga",Rendah
Choirul Anam,Ya,103,3,7 tahun lalu,Tidak,"Harga gak sebanding dengan rasa, too expensive!!!",Negatif,"Produk/Makanan, Harga",Sedang
Yusuf Rendi (Rhenz),Ya,134,5,6 tahun lalu,Tidak,Wisataa malam kalo makan pagii jam 3 lebihh enakk,Positif,Produk/Makanan,Rendah
Jodianing Baskoro,Ya,67,5,8 tahun lalu,Tidak,Rasa gak berubah meskipun terakhir makan 7 tahun yg lalu,Positif,Produk/Makanan,Rendah
Endah Lestari,Ya,31,2,4 tahun lalu,Tidak,Harga nya mulai g masuk akal mahalnya 😂 …,Negatif,Harga,Sedang
Yanti,Ya,170,3,5 tahun lalu,Tidak,"Sambelnya pedes,harga krg ramah dikantong",Negatif,"Produk/Makanan, Harga",Sedang
John Ri,Ya,765,5,4 tahun lalu,Tidak,"Ikan nya masih segar, sambal tomatnya luar biasa 👍👍👍👍👍 …",Positif,Produk/Makanan,Rendah
Adhe_ Jatmiko,Ya,517,4,3 tahun lalu,Tidak,Enak banget tapi mahal.... Tempatnya asyik,Positif,"Produk/Makanan, Suasana/Tempat",Rendah
Desudesudesu Chrisdesu,Bukan,8,1,7 bulan lalu,Tidak,Mending makan di tempat lain,Negatif,Lainnya,Sedang
Oktaria Diyah,Ya,45,4,6 tahun lalu,Tidak,Enak sihh.. walau harganya di atas harga rata rata,Netral,"Produk/Makanan, Harga",Rendah
D Puspita,Ya,15,2,2 tahun lalu,Tidak,Harga terlalu mahaal & pelit sambal,Negatif,"Produk/Makanan, Harga",Sedang
dani achmad,Ya,34,4,7 tahun lalu,Ya,Mantap sambelnya,Positif,Produk/Makanan,Rendah
Diamond s,Ya,341,4,6 tahun lalu,Tidak,"Masakannya enak, menunya banyak tapi mehong",Netral,"Produk/Makanan, Harga",Rendah
Doni Hariadi,Ya,471,5,4 tahun lalu,Tidak,Buka 24 jam non stop. Ikan nya segar...,Positif,Produk/Makanan,Rendah
Alfon Mehdigan,Ya,13,3,8 tahun lalu,Tidak,Mayan mahal makan bedua 150rb,Negatif,Harga,Sedang
Tiara Rizki,Ya,146,5,7 tahun lalu,Tidak,Cobain bebek bakar daan enaak bangeet. Sambelnya segeerr..,Positif,Produk/Makanan,Rendah
Rochmat Kusnanto,Bukan,9,1,4 tahun lalu,Tidak,Mahal mau naik haji kok gini caranya gak barokah,Negatif,Harga,Tinggi
Zenn No Mercy,Ya,42,3,8 tahun lalu,Tidak,perlu ditingkatkan kebersihanx perlengkapan makan n kebersihan ruang,Negatif,Suasana/Tempat,Sedang
nizam mustawan,Ya,156,1,Diedit 7 tahun lalu,Tidak,"Rasa nya biasa saja, harga mahal. Not recommended",Negatif,"Produk/Makanan, Harga",Sedang
Game Asal,Bukan,2,1,5 bulan lalu,Tidak,Mahal,Negatif,Harga,Sedang
idabagus rahadi,Ya,40,2,7 tahun lalu,Tidak,"Terlalu mahal, berdesakan dan banyak pengamen yang mengganggu makan.",Negatif,"Harga, Suasana/Tempat",Sedang
Vera Sihombing,Ya,26,3,5 tahun lalu,Tidak,"Enak, tapi too pricey untuk jenis makanan seperti itu.",Netral,"Produk/Makanan, Harga",Rendah
dedy ismawan,Bukan,12,5,7 tahun lalu,Tidak,"Tempat makan ajib buka sampai larut malam,, pas untuk santai",Positif,Suasana/Tempat,Rendah
Deasy Maya Hapsari,Ya,15,3,7 tahun lalu,Tidak,Rasa makanan biasa aja dan kebersihan tempatnya tidak layak.,Negatif,"Produk/Makanan, Suasana/Tempat",Sedang
Mas Pimen,Ya,842,5,7 tahun lalu,Tidak,"Enak banget, sambalnya pedas sampe dower...",Positif,Produk/Makanan,Rendah
Nia Valent,Bukan,4,4,8 tahun lalu,Tidak,Minumanya brow 1 gelas bisa 3 orang,Positif,Produk/Makanan,Rendah
Aditya Himawan,Ya,569,5,Diedit 4 tahun lalu,Tidak,"Enak, sambal enak. Ada harga ada rasa",Positif,"Produk/Makanan, Harga",Rendah
Nico Laurent Lumanto,Ya,17,5,8 tahun lalu,Tidak,"sambal super pedas nya muantab, harga sedikit overprice",Positif,"Produk/Makanan, Harga",Rendah
hary susanto,Ya,25,5,8 tahun lalu,Tidak,Salah satu rumah makan yang buka 24jam nonstop di surabaya,Positif,Suasana/Tempat,Rendah
Citra Aja,Ya,86,5,7 tahun lalu,Tidak,gonne gae lesu bengi bengi pokok.e kudu tebel kantonge,Negatif,Harga,Sedang
Jemmy Putra,Ya,247,5,9 tahun lalu,Tidak,Sambalnya mantap bener... Sampai keringetan,Positif,Produk/Makanan,Rendah
fi nyoman andrianto,Ya,234,4,5 tahun lalu,Tidak,"Biasa aja sih,... Bakar ikannya gosong pula,...",Negatif,Produk/Makanan,Sedang
N vvidia,Ya,35,5,8 tahun lalu,Tidak,Sambal enak.. Klo ke sby sllu smpatin ksini,Positif,Produk/Makanan,Rendah
Citra Melati,Bukan,14,3,6 tahun lalu,Tidak,ikan bakarnya enak sayang sambalnya kurang mendukung,Netral,Produk/Makanan,Rendah
andrew lawinita,Ya,239,5,7 tahun lalu,Tidak,buka 24 jam. banyak artis pernah makan disini.,Positif,Suasana/Tempat,Rendah
Suhartono 79,Ya,46,5,3 tahun lalu,Ya,Masakannya enak,Positif,Produk/Makanan,Rendah
Ratna Ayu,Ya,127,5,5 tahun lalu,Tidak,"Enak bgt , sambelnya mantap dan byk mcm",Positif,Produk/Makanan,Rendah
Wahid Chenx,Ya,64,5,7 tahun lalu,Tidak,Recomended ikan bakar .. Minuman nya porsi jumbo,Positif,Produk/Makanan,Rendah
anita angelika,Bukan,13,5,6 tahun lalu,Tidak,"Sambal koreknya mantapz, gak ada yg nandingi.",Positif,Produk/Makanan,Rendah
Takdir Syafruddin,Ya,19,5,setahun lalu,Tidak,"Mantsp, buka 24 jam",Positif,Pelayanan/Staf,Rendah
Nur Tio,Bukan,9,5,7 tahun lalu,Tidak,Mantep pagi siang sore malem subuh on truss,Positif,Pelayanan/Staf,Rendah
Sigit Rinaldy,Ya,25,1,3 tahun lalu,Tidak,"Mahal, mending cari tempat lain ....",Negatif,Harga,Sedang
Winengku Sasmito,Ya,237,1,2 tahun lalu,Tidak,MENDING makan STEAK daging di BONCAFE sekalian,Negatif,Produk/Makanan,Sedang
Ahmad baitul,Bukan,1,1,7 bulan lalu,Ya,Jangan pernah makan di sini,Negatif,Lainnya,Sedang
Aris Khoirudin Fadhli,Ya,52,4,7 tahun lalu,Tidak,Harga ikan guramenya lumayan mahal hehe,Netral,"Harga, Produk/Makanan",Rendah
Bagus Lukmanhadi,Ya,374,5,8 tahun lalu,Tidak,mahal tapi ga ngebosenin.. udah ke 9x nya,Positif,"Harga, Produk/Makanan",Rendah
Eriko Suhartojo,Ya,173,4,7 tahun lalu,Tidak,"Makanannya enak, harganya lumayan buka 24 jam",Positif,"Harga, Produk/Makanan",Rendah
Dewi Ratna,Ya,33,4,8 tahun lalu,Tidak,Makanannya enak tapi harga cukup mahal,Netral,"Harga, Produk/Makanan",Rendah
Baidowi Ajah,Bukan,7,1,5 tahun lalu,Tidak,Harga tdk sesuai pasaran sangat mahal sekali,Negatif,Harga,Sedang
Billy Septiansyah,Bukan,7,1,2 tahun lalu,Tidak,HARGA E GAK MASUK AKAL DAN RASA TIDAK SEBERAPA ENAK,Negatif,"Harga, Produk/Makanan",Sedang
Farhana Saraswati,Ya,126,3,7 tahun lalu,Ya,"Enak sambelnya pedas dan mantap, tapi harganya mahal",Positif,"Produk/Makanan, Harga",Rendah
Dimas Radityatama,Ya,22,4,8 tahun lalu,Tidak,Rasa sih mantab. Tapi harga lumayan mahal,Positif,"Produk/Makanan, Harga",Rendah
galih adi candra,Bukan,8,1,6 tahun lalu,Tidak,"Masakan biasa aja , g recommended utk mahasiswa",Negatif,Produk/Makanan,Sedang
kaif aslan,Ya,289,5,5 tahun lalu,Tidak,Luar biasa nikmat menunya dan bersih saya suka,Positif,"Produk/Makanan, Suasana/Tempat",Rendah
hairul imani,Ya,89,5,Diedit 8 tahun lalu,Tidak,Tempat makan menengah ke atas. Dengan buka 24 jam,Netral,Suasana/Tempat,Rendah
Stefanus Juwono,Ya,19,4,3 tahun lalu,Tidak,"Makanan enak, tempat makan kurang bersih",Netral,"Produk/Makanan, Suasana/Tempat",Sedang
Ye Ye,Ya,331,5,5 tahun lalu,Tidak,"Benar benar enak , bakmi, nasi mawut nya.",Positif,Produk/Makanan,Rendah
Ayick Fidiantoro,Ya,22,5,8 tahun lalu,Tidak,Warung mantap. Harga nya mahal tapi enak,Positif,"Harga, Produk/Makanan",Rendah
tubagus nevy,Ya,40,4,3 tahun lalu,Tidak,Enak tapi ini termsk cukup rame pas puasa,Positif,"Produk/Makanan, Suasana/Tempat",Rendah
Gandhi Dwijantoro,Ya,29,3,8 tahun lalu,Tidak,Menu biasa saja tdk terlalu istimewa,Netral,Produk/Makanan,Rendah
Fazri Kurnia,Ya,249,5,7 tahun lalu,Tidak,"Enak, mantap.. 24jam.. Harga ya standart, cenderung mahal.",Positif,"Produk/Makanan, Harga",Rendah
Tata Ervan,Ya,26,2,7 tahun lalu,Tidak,Tidakmpas dg selera sy....maaf yaa atas penilaian sy,Negatif,Produk/Makanan,Sedang
Peter Lasvera,Ya,129,5,4 tahun lalu,Tidak,Sekarang pilihan sambalnya ada banyak macam,Positif,Produk/Makanan,Rendah
Nararindra Inggitasukma,Ya,88,3,7 tahun lalu,Tidak,"Enak, harganya terlalu mahal untuk ukuran penyetan",Netral,"Produk/Makanan, Harga",Sedang
Lokal Story,Ya,60,4,7 tahun lalu,Tidak,"enak,harga sesuai rasa..*mahal",Positif,"Produk/Makanan, Harga",Rendah
Daru Ariwidodo,Bukan,13,5,5 tahun lalu,Tidak,pelayanan oke cepat. masakan fresh.....,Positif,"Pelayanan/Staf, Produk/Makanan",Rendah
agung arie handanna,Ya,41,4,4 tahun lalu,Tidak,"Ikan bakar enak, sambal pedasnya mantap.",Positif,Produk/Makanan,Rendah
andre wilianto,Ya,3,1,7 tahun lalu,Tidak,"Harga bintang 5, rasa emperann, tempat emperaann",Negatif,"Harga, Produk/Makanan",Sedang
Didi Van Tojo,Ya,440,4,6 tahun lalu,Tidak,Ikannya segar banyak pilihan sambalnya mantapp,Positif,Produk/Makanan,Rendah
Muhammad Erfan,Ya,9,1,7 tahun lalu,Tidak,mahalnya sak kerajaan langit.....kalkulatore rusak,Negatif,Harga,Sedang
anak pantai,Ya,24,4,8 tahun lalu,Tidak,Enak laris tapi ngak ada telor dadarnya 😂😂😂 …,Positif,Produk/Makanan,Rendah
riko rudyanto,Bukan,2,1,5 tahun lalu,Tidak,anak kost menangis makan disini 😂😂 termasuk saya awokwokwok …,Netral,Harga,Rendah
Catur Hadi Y,Ya,72,5,7 tahun lalu,Tidak,"Sambelnya uenakk, segerr.. Buka 24 jam 😍 …",Positif,Produk/Makanan,Rendah
Ipoel Gdut,Ya,46,3,7 tahun lalu,Tidak,harga mahal dan rasanya biasa aja,Negatif,"Harga, Produk/Makanan",Sedang
Dhono Nursjamsu Ramadhana,Ya,21,1,7 tahun lalu,Tidak,"Tempatnya rame, sayang rasanya terlalu asin",Negatif,"Suasana/Tempat, Produk/Makanan",Sedang
Sugeng Prasetyo,Bukan,3,5,6 tahun lalu,Ya,Pelayanan nya cepat',Positif,Pelayanan/Staf,Rendah
Rizky Fajrie,Bukan,5,5,4 tahun lalu,Tidak,Harga sesuai rasa,Positif,"Harga, Produk/Makanan",Rendah
Fadil Pratama,Bukan,2,1,6 tahun lalu,Tidak,Makan cuma 20 menit. Kapoknya 2 bulan.,Negatif,Lainnya,Sedang
Chintya Rizca,Ya,204,4,7 tahun lalu,Tidak,"Tempat strategis, sambel mantab, pilihan lauknya banyak",Positif,"Suasana/Tempat, Produk/Makanan",Rendah
Wawan Kepang,Ya,51,5,4 tahun lalu,Ya,Mantan sambalnya,Positif,Produk/Makanan,Rendah
Ayu Ariani,Bukan,8,5,8 tahun lalu,Tidak,Sambalnya mantap. Enak. Lauk nya bervariasi.,Positif,Produk/Makanan,Rendah
fery wahyu,Ya,45,5,7 tahun lalu,Tidak,Mantap sambalnya...bikin ketagihan...😁👍 …,Positif,Produk/Makanan,Rendah
MERH H,Ya,40,4,7 tahun lalu,Tidak,"Makanannya khas Jawa Timur, enak dan harganya juga bersahabat",Positif,"Produk/Makanan, Harga",Rendah
Nora Y,Ya,356,5,4 tahun lalu,Tidak,Enak bebek goreng dan sambalnya bervariasi,Positif,Produk/Makanan,Rendah
Rachmad Hidayat,Ya,102,5,7 tahun lalu,Ya,Juos mantul gk ada matinya...,Positif,Produk/Makanan,Rendah
Rachma Wati,Ya,36,4,7 tahun lalu,Tidak,Pertama kali kesini... sambel mangganya enak,Positif,Produk/Makanan,Rendah
Asmad Saihuh,Bukan,5,3,6 tahun lalu,Tidak,B aja si menurutku dan kembali ke selera masing2 ya,Netral,Produk/Makanan,Rendah
Kelana Jingga,Ya,58,3,7 tahun lalu,Tidak,Enak makanannya hanya saja wastafelnya agak jorok,Negatif,"Produk/Makanan, Fasilitas/Parkir",Sedang
El Hasbi,Ya,19,2,7 tahun lalu,Tidak,Buat saya makanannya cukup mahal...,Negatif,Harga,Sedang
Jeje Oktavia Rahmarani Hariyadi,Bukan,1,1,setahun lalu,Tidak,Harganya ga masuk akal,Negatif,Harga,Sedang
Irpan friyanto,Bukan,14,4,7 tahun lalu,Tidak,Manyoss rasanya.... Tempat nya d rapihkan lagi,Positif,"Produk/Makanan, Suasana/Tempat",Rendah
Rika Setiawan,Bukan,8,4,4 tahun lalu,Tidak,Sambalnya enak tapi semua lauknya hambar,Netral,Produk/Makanan,Rendah
Dimas R. Saputra,Ya,29,5,8 tahun lalu,Tidak,"Enak banget sambelnya, tapi mahal sekali",Positif,"Produk/Makanan, Harga",Rendah
tritya dipankara,Ya,299,4,7 tahun lalu,Tidak,"Rasa oke, tempatnya sj biasa menurut saya",Netral,"Produk/Makanan, Suasana/Tempat",Rendah
Moh Samsul Rizal,Ya,27,3,7 tahun lalu,Ya,"Harga cukup mahal, tapi rasa sebanding 👍 …",Positif,"Harga, Produk/Makanan",Rendah
Muhamad Rudi,Ya,7,5,8 tahun lalu,Ya,Tempat wajib dikunjungi klo lagi laper di Surabaya😁 …,Positif,Suasana/Tempat,Rendah
Maria Sandry,Ya,69,3,9 tahun lalu,Tidak,Sambalnya mantap.. tapi harganya mahal.,Netral,"Produk/Makanan, Harga",Rendah
Wizhka Febrina,Bukan,6,5,2 tahun lalu,Tidak,Selalu kangen sama padin. Enak banget😭 …,Positif,Produk/Makanan,Rendah
Montirda,Bukan,2,5,sebulan lalu,Tidak,Favorit keluarga,Positif,Lainnya,Rendah
Mokhamad Mahfud (SIH REKSO),Ya,342,5,4 tahun lalu,Tidak,Eunakke rek gurame bakarnya. Mak NYUSS laahh,Positif,Produk/Makanan,Rendah
Safta Wijaya,Ya,60,5,6 tahun lalu,Tidak,"Sambelnya enak,, ikan gorwngnya banyak pilihan, mantep",Positif,Produk/Makanan,Rendah
Ebenezer Adhi Herjanto,Ya,29,3,8 tahun lalu,Tidak,Harga tidak murah amat... tempat agak kotor,Negatif,"Harga, Suasana/Tempat",Sedang
Sutiyus Tiyus,Ya,53,5,7 tahun lalu,Tidak,"Enak,tempatnya cocok untuk keluarga,banyak di kunjungi artis",Positif,"Produk/Makanan, Suasana/Tempat",Rendah
Rico Pranatha,Bukan,12,5,5 tahun lalu,Tidak,Lumayan ayam kampung dan ikan gorengnya.,Positif,Produk/Makanan,Rendah
hasan bisri,Bukan,2,1,2 tahun lalu,Tidak,Untuk harga aja yang terlalu mahal,Negatif,Harga,Sedang
arya kinayung,Ya,63,3,8 tahun lalu,Tidak,sangat-sangat mahal tapi sambalnya enak,Netral,"Harga, Produk/Makanan",Rendah
Ora Umum,Ya,25,5,7 tahun lalu,Tidak,Alhamdulillah pas makan disini gaikut bayar 😁😁 …,Positif,Lainnya,Rendah
Made Wirata,Ya,139,4,5 tahun lalu,Tidak,Sambel nya Rek......mantap tenan,Positif,Produk/Makanan,Rendah
Fatic Rochim,Ya,331,5,4 tahun lalu,Ya,Langganan malam,Positif,Lainnya,Rendah
Ahmad Syafi,Bukan,3,5,8 bulan lalu,Tidak,Mantab pokok e,Positif,Lainnya,Rendah
rio Putra,Ya,92,5,4 tahun lalu,Tidak,Agak makin mahal. Tapi worth sih...,Positif,"Harga, Produk/Makanan",Rendah
tanwirul qulub,Bukan,8,2,3 tahun lalu,Tidak,Rasanya b aja harganya ga kira2,Negatif,"Produk/Makanan, Harga",Sedang
Oemah Surabaya,Ya,23,4,6 tahun lalu,Tidak,"Sambal lumayan enak, kurang bersih aja",Netral,"Produk/Makanan, Suasana/Tempat",Sedang
Reza Nurwansyah,Ya,1273,1,7 tahun lalu,Tidak,Harga mahal dan rasa biasa aja.,Negatif,"Harga, Produk/Makanan",Sedang
Slamet Agung,Ya,414,1,7 tahun lalu,Tidak,Hargs nggak sebanding dengan rasa...,Negatif,"Harga, Produk/Makanan",Sedang
TAUFIK BUDY SANTOSO,Ya,72,5,8 tahun lalu,Tidak,Tempat makan 24 jam dengan sambel super pedas,Positif,"Produk/Makanan, Suasana/Tempat",Rendah
Syukur Sebox,Ya,25,5,5 tahun lalu,Tidak,Sambelannya dan ikannya variannya banyak..... Mantul,Positif,Produk/Makanan,Rendah
rangga suranta,Ya,53,5,setahun lalu,Tidak,Termahal,Negatif,Harga,Sedang
Graha foamindo jaya,Ya,20,5,7 tahun lalu,Tidak,Pelayanan yg bagus...sambelnya mak yuss,Positif,"Pelayanan/Staf, Produk/Makanan",Rendah
Saatrio Lulikito,Bukan,13,1,3 tahun lalu,Tidak,untuk driver ojek pelayanan tidak memuaskan.,Negatif,Pelayanan/Staf,Sedang
Dewi Prihatin,Bukan,6,1,2 tahun lalu,Tidak,"Harga tdk mufakat,,mahall poll",Negatif,Harga,Sedang
Yayuk Hanafi,Ya,13,1,2 tahun lalu,Tidak,knp mahal sekali ya makan disini,Negatif,Harga,Sedang
eko prasetyo,Bukan,9,5,9 tahun lalu,Tidak,Yang lapar tengah malam atau pagi buta padin solusinya,Positif,Suasana/Tempat,Rendah
aryo birowo,Ya,63,5,4 tahun lalu,Tidak,"Sambel, lauk, n lalapnya enak poll",Positif,Produk/Makanan,Rendah
Mahrety Wulandari,Ya,47,4,7 tahun lalu,Tidak,Recommended place.. 😍 Sambelnya hauceekk.. 😛😝 …,Positif,Produk/Makanan,Rendah
Asseng Suroto,Ya,386,5,7 tahun lalu,Tidak,Top! Ikan dorang gorengnya mantab!,Positif,Produk/Makanan,Rendah
herman iridium,Ya,221,5,4 tahun lalu,Tidak,"Sego sambel khas surabaya, saya suka banget",Positif,Produk/Makanan,Rendah
Michael Vincent,Ya,26,3,6 tahun lalu,Tidak,"Tmpt sederhana, tapi makanan enak service bagus",Positif,"Suasana/Tempat, Produk/Makanan",Rendah
Athiam Liem,Ya,44,5,Diedit 4 tahun lalu,Tidak,Pedasnya joss. Sedap dech pokok e,Positif,Produk/Makanan,Rendah
yanti widiastuti,Ya,24,5,4 tahun lalu,Tidak,Ikan bakarnya enak sambalnya mantap👍🏻 …,Positif,Produk/Makanan,Rendah
Mohamad Budi Santoso,Ya,51,5,7 tahun lalu,Tidak,Ikannya fress..sambalny fresh..parkir gampang,Positif,"Produk/Makanan, Fasilitas/Parkir",Rendah
Bar Kah,Ya,130,3,3 tahun lalu,Tidak,Harganya lumayan sambal mantap,Positif,"Harga, Produk/Makanan",Rendah
Ahmad Nurulhuda,Ya,121,3,7 tahun lalu,Tidak,cocok utk selebriti dan yg dompetnya tebel,Positif,Harga,Rendah
Muhamad Zaky,Ya,212,5,8 tahun lalu,Tidak,Harus mampir sini kalau ke surabaya. Sambelnya best,Positif,Produk/Makanan,Rendah
Ferry Goenawan,Ya,1000,5,5 tahun lalu,Tidak,"Mantap sambel nya, TOP ikan nya.",Positif,Produk/Makanan,Rendah
herry budiono,Ya,84,5,2 tahun lalu,Tidak,Tempat santai ada santapan enak juga,Positif,"Suasana/Tempat, Produk/Makanan",Rendah
EKATAMA TOURS,Ya,79,5,5 tahun lalu,Ya,Rasanya juara,Positif,Produk/Makanan,Rendah
Poer Tanggo,Ya,280,5,7 tahun lalu,Tidak,resto 24 jam dan banyak pilihan ikannya,Positif,Produk/Makanan,Rendah
abde prasetyo,Ya,13,5,6 tahun lalu,Tidak,Mantap enak rasanya sambelnya makyuus,Positif,Produk/Makanan,Rendah
Vincenzo Anantya,Ya,24,2,5 tahun lalu,Tidak,mahal parah ikannya,Negatif,"Harga, Produk/Makanan",Sedang
Edi Poerwanto Soetardjan,Ya,178,3,7 tahun lalu,Tidak,Tempat segala menu penyetan yang buka 24 jam,Netral,Suasana/Tempat,Rendah
F Naga,Ya,51,4,6 tahun lalu,Tidak,Saya tidak menganjurkan anda untuk kesini kalau tidak ditraktir. begitupun saya.,Negatif,Harga,Sedang
Faizah Faiz,Ya,101,1,Diedit 5 tahun lalu,Tidak,enak tp mahal kurang bersih,Negatif,"Produk/Makanan, Harga",Sedang
Nimas Dyah,Ya,68,5,7 tahun lalu,Tidak,Enak sih.. Tapi agak pricey :'v,Netral,"Produk/Makanan, Harga",Rendah
yuni retnaningtyas,Bukan,1,2,8 tahun lalu,Tidak,Harga tidak sebanding dengan kualitas rasa,Negatif,"Harga, Produk/Makanan",Sedang
ladeyo ladeyo,Ya,1495,3,6 tahun lalu,Tidak,"Rasa enak. Tempat kurang rapi, panas.",Netral,"Produk/Makanan, Suasana/Tempat",Rendah
Coby Haus,Ya,67,4,6 tahun lalu,Tidak,Murah meriah enak,Positif,"Harga, Produk/Makanan",Rendah
Ruswanto Rus12,Ya,113,5,8 tahun lalu,Tidak,Tempat makan pencinta kuliner pedas di Surabaya.😲😲😲😲😲 …,Positif,Produk/Makanan,Rendah
Juna Nahum,Ya,51,5,5 tahun lalu,Tidak,Not bad skalian dapet gebetan,Positif,Lainnya,Rendah
Karnadi Kirmansjah,Ya,24,1,3 tahun lalu,Tidak,Penyetan termahal yang pernah aku beli,Negatif,"Harga, Produk/Makanan",Sedang
Anddreas Anddreas,Bukan,9,4,2 tahun lalu,Ya,Lumayan,Positif,Produk/Makanan,Rendah
Hianto Dp,Ya,339,5,7 tahun lalu,Tidak,Sambelnya paling enak . Gak ada lawan,Positif,Produk/Makanan,Rendah
Martin Kolondam,Ya,235,5,8 tahun lalu,Tidak,Rasa sambel nya spesial ... mantap,Positif,Produk/Makanan,Rendah
Ganda Samudra,Ya,1565,2,7 tahun lalu,Tidak,Banyak menu BAKARAN yg KURANG LENGKAP...,Negatif,Produk/Makanan,Sedang
yudy Setiawan,Ya,99,4,5 tahun lalu,Tidak,Ikan bakar sama sambal pencitnya uwakeh bgt,Positif,Produk/Makanan,Rendah
Indra “Judy” Widijatmoko,Ya,42,2,3 tahun lalu,Tidak,Rasa standar harga bintang lima,Netral,"Produk/Makanan, Harga",Rendah
H Syaiful Anwar Syaiful Anwar,Ya,175,3,4 tahun lalu,Tidak,Lmyn nsik nya tp tmptnya krng memuaskn,Netral,"Produk/Makanan, Suasana/Tempat",Rendah
Muhammad Satria Putra Dwi Andika,Bukan,1,1,setahun lalu,Ya,mahal,Negatif,Harga,Sedang
MS Madsirad Soeryadi (odie),Ya,54,5,2 tahun lalu,Tidak,Cukup lumayan untuk hidangan lautnya,Positif,Produk/Makanan,Rendah
Bhumy Mahardika,Bukan,1,5,7 tahun lalu,Tidak,Top markotop sambelnya...ajiib,Positif,Produk/Makanan,Rendah
vita dwi fatmala,Ya,72,4,3 tahun lalu,Tidak,Sambelnya pedes bangett.,Positif,Produk/Makanan,Rendah
Wahid Nasrullah,Ya,27,3,8 tahun lalu,Tidak,"Menyediakan ikan, ayam, bebek, dan lalap. Sambal ok.",Positif,Produk/Makanan,Rendah
krisda motorola,Ya,111,5,6 tahun lalu,Tidak,Mahal tapi sesuai dengan rasa dan porsi,Positif,"Produk/Makanan, Harga",Rendah
Jenn,Ya,12,3,7 tahun lalu,Tidak,Mahal euy tapi sambelnya enak juga,Positif,"Produk/Makanan, Harga",Rendah
Eko Halim,Ya,55,5,3 tahun lalu,Tidak,Malam hari makannya selalu disini.,Positif,Lainnya,Rendah
SEMBODO BUDI NUGROHO,Ya,150,5,7 tahun lalu,Tidak,Salah satu tempat makan legendaris di kota Surabaya,Positif,Lainnya,Rendah
adhe juniarto,Ya,63,5,7 tahun lalu,Tidak,tobat sambalnya bkin merem melek😅😅 …,Positif,Produk/Makanan,Rendah
Elegant Channel,Ya,242,4,7 tahun lalu,Tidak,Pas review lg dibakarin ayamnya,Netral,Produk/Makanan,Rendah
Andra C,Ya,59,3,7 tahun lalu,Tidak,kuliner legendaris surabaya. harga lumayan mahal.,Netral,"Produk/Makanan, Harga",Rendah
Irawan Dheni,Bukan,4,5,7 tahun lalu,Tidak,Sambalnya super pedas dan mantap.....,Positif,Produk/Makanan,Rendah
Aku Kamu,Ya,27,4,8 tahun lalu,Tidak,"Sambalnya super pedas, enak, tapi mahal",Netral,"Produk/Makanan, Harga",Rendah
Sonny S,Ya,368,5,4 tahun lalu,Tidak,Sahur bareng yg mantab menunya,Positif,Produk/Makanan,Rendah
Juan Bollu cooll,Ya,53,2,7 tahun lalu,Tidak,Makanan sultan harga gak masuk akal,Negatif,"Produk/Makanan, Harga",Sedang
Akhmad Zakki,Ya,14,1,7 tahun lalu,Tidak,Terlalu mahal untuk rasa yang biasa saja,Negatif,"Harga, Produk/Makanan",Sedang
hendra dian Lastanto,Ya,14,5,7 tahun lalu,Tidak,Harganya lumayan mahal tapi rasanya lumayan,Netral,"Harga, Produk/Makanan",Rendah
Sofyan Mujiran,Bukan,7,5,7 tahun lalu,Tidak,Enak dn gurih .sambelnya terasa,Positif,Produk/Makanan,Rendah
tony phoganix,Ya,114,5,7 tahun lalu,Tidak,Sambal jeruk nya nyess...,Positif,Produk/Makanan,Rendah
Ardiaz,Ya,24,4,7 tahun lalu,Tidak,"Banyak pilihan ikan, tp harga agak mahal",Netral,"Produk/Makanan, Harga",Rendah
hendra indarwiguna,Ya,142,5,3 tahun lalu,Ya,Bumbu bakar enak dan sambal juga mantap,Positif,Produk/Makanan,Rendah
andhika Herlambang,Ya,13,5,7 tahun lalu,Tidak,Bagi Pecinta Sambal disinilah tempatnya,Positif,"Produk/Makanan, Suasana/Tempat",Rendah
demon recond,Ya,41,5,7 tahun lalu,Tidak,Rasa Makanannya boleh dibandingkan,Positif,Produk/Makanan,Rendah
Bambang Prihadi,Ya,103,5,7 tahun lalu,Tidak,Mau penyetan komplit 24jam??? Disini tempatnya,Positif,"Produk/Makanan, Suasana/Tempat",Rendah
Kukuh Pribadi,Ya,55,4,6 tahun lalu,Tidak,"padin ikan goreng - bakar, kuliner yg enak",Positif,Produk/Makanan,Rendah
hakim.hilman,Ya,353,5,4 tahun lalu,Tidak,Bawal bakar nya top..,Positif,Produk/Makanan,Rendah
Filliyani Sagita,Ya,133,3,4 tahun lalu,Tidak,Enakk tp kemahalan ga si? 😅 entahlah …,Netral,"Produk/Makanan, Harga",Rendah
Barnoes Adit,Ya,29,3,7 tahun lalu,Tidak,"Mahal harganya, tapi sambelnya enak",Netral,"Harga, Produk/Makanan",Rendah
Rajesh Gindwani,Ya,77,1,2 tahun lalu,Tidak,Harga terlalu mahal,Negatif,Harga,Sedang
Novilia Wulandari Kristiani Yosefa,Ya,24,1,setahun lalu,Tidak,Makanan penyetan termahal 🤣🤣🤣 …,Negatif,"Harga, Produk/Makanan",Sedang
Probo Darono Yakti,Ya,1409,3,9 tahun lalu,Tidak,Warung penyetan 24 jam buka,Netral,Suasana/Tempat,Rendah
Bagus Tayana,Ya,167,2,8 tahun lalu,Tidak,"Mahal makanya,ampun deh..",Negatif,Harga,Sedang
Mochammad Ali,Ya,29,5,7 tahun lalu,Tidak,Pelayanan mantab...cepat..pas selera..,Positif,"Pelayanan/Staf, Produk/Makanan",Rendah
Devi Yanuary,Ya,50,3,8 tahun lalu,Tidak,Harga yang cukup mahal untuk kelas penyetan,Negatif,"Harga, Produk/Makanan",Sedang
ghufron khafid,Ya,182,5,7 tahun lalu,Tidak,mantab sambelnya. penyetan lengkap 24 Jam,Positif,Produk/Makanan,Rendah
mochamad ali Setiyawan,Ya,123,5,7 tahun lalu,Ya,Bersama keluarga besar,Positif,Suasana/Tempat,Rendah
Yusuf Gunawarman,Ya,846,5,6 tahun lalu,Tidak,"Penyetan legend, tapi harganya sudah mulai mahal",Netral,"Produk/Makanan, Harga",Rendah
Miftakhul Falah,Ya,10,2,7 tahun lalu,Tidak,"Rasa Biasa aja,cuman harganya mahal",Negatif,"Produk/Makanan, Harga",Sedang
Umar Balya,Bukan,1,1,setahun lalu,Tidak,Kemahalan,Negatif,Harga,Sedang
Junaidi Abdillah,Bukan,2,5,5 tahun lalu,Ya,Mantap .harga juga muantapp bagi sultan,Netral,"Harga, Produk/Makanan",Rendah
FAJAR SURYANTO,Ya,215,2,8 tahun lalu,Tidak,Rasa biasa aja.. harganya kemahalan.,Negatif,"Produk/Makanan, Harga",Sedang
harjo888 damardjati,Ya,134,1,4 tahun lalu,Tidak,Harganya ga logika,Negatif,Harga,Sedang
Faris Kumadeka,Ya,94,4,7 tahun lalu,Tidak,Sambelnya bikin ngos-ngosan...👍👍 …,Positif,Produk/Makanan,Rendah
Steven Christianto Susanto,Bukan,8,1,3 tahun lalu,Tidak,"Mahal, lama pelayanannya..",Negatif,"Harga, Pelayanan/Staf",Sedang
Iman Nursetyo,Ya,251,4,7 tahun lalu,Tidak,Enak. Khas banget rasa bebeknya,Positif,Produk/Makanan,Rendah
Eko Andrianto,Ya,75,3,7 tahun lalu,Tidak,"Makanan enak, pelayanan kurang ramah",Negatif,"Produk/Makanan, Pelayanan/Staf",Sedang
AGIT NUR FALAKHI,Ya,94,4,9 tahun lalu,Tidak,Sambelnya nendang... Lauknya komplit,Positif,Produk/Makanan,Rendah
mabdag,Ya,30,1,Diedit setahun lalu,Tidak,mahal menurut saya,Negatif,Harga,Sedang
Gla Maulid,Ya,79,5,3 tahun lalu,Tidak,Pasti enak di jamin,Positif,Produk/Makanan,Rendah
Sam Vary,Ya,159,3,7 tahun lalu,Tidak,"Enak, pedesnya nampol, tapi mahall 😁 …",Netral,"Produk/Makanan, Harga",Rendah
Ir One,Ya,404,1,7 tahun lalu,Tidak,Mahal ..nggak begitu enak,Negatif,"Harga, Produk/Makanan",Sedang
Ayu Kartika Utami,Ya,25,5,9 tahun lalu,Tidak,sambal nya pedes bikin nangis,Positif,Produk/Makanan,Rendah
Abdan Wilzam,Ya,368,4,8 tahun lalu,Tidak,Harga 60 ribu untuk ikannya,Netral,"Harga, Produk/Makanan",Rendah
agya channel,Ya,63,3,4 tahun lalu,Tidak,Harga nya mahal bgt,Negatif,Harga,Sedang
PERCAYA R,Bukan,7,5,6 tahun lalu,Tidak,Mantap cepat saji g pake lama.,Positif,Pelayanan/Staf,Rendah
aldion akbar2,Ya,45,4,7 tahun lalu,Tidak,"Rame, ayu ting2 pernah makan sini",Netral,Suasana/Tempat,Rendah
Champion Mardijarto,Ya,38,4,7 tahun lalu,Tidak,"Enak rasanya, enak harganya...?",Positif,"Produk/Makanan, Harga",Rendah
CV CAH NDESO BERKARYA,Ya,15,5,Diedit 2 tahun lalu,Tidak,Mantap sambel nya,Positif,Produk/Makanan,Rendah
Ronay,Ya,12,3,4 tahun lalu,Tidak,Harga nya yg lumayan mahal,Negatif,Harga,Sedang
Nia Nofiani,Ya,76,1,7 tahun lalu,Tidak,Rasa sangat biasa harga sangat mahal !,Negatif,"Produk/Makanan, Harga",Sedang
srkdani kitchen,Ya,153,5,7 tahun lalu,Tidak,Mantab tp sedikit mahal,Positif,"Produk/Makanan, Harga",Rendah
Arief Raymonaga,Ya,20,5,7 tahun lalu,Tidak,Buka 24 jm. Melayani srtiap customer,Positif,Pelayanan/Staf,Rendah
Hastomo Dian,Ya,95,5,4 tahun lalu,Tidak,"Ikannya Segar, Sambalnya Mantap",Positif,Produk/Makanan,Rendah
Deva Rizkya,Ya,65,1,7 tahun lalu,Tidak,"Rego telek gak kolu, wani LAYAR COK",Negatif,Harga,Sedang
Lukmanul Hakim,Ya,459,5,2 tahun lalu,Tidak,Gurame bakar mantap,Positif,Produk/Makanan,Rendah
rudy ardi candrawijaya,Ya,21,4,4 tahun lalu,Tidak,Pelayannya kurang murah senyum,Negatif,Pelayanan/Staf,Sedang
Heru Sutoyo,Bukan,1,1,3 tahun lalu,Tidak,Biasa aja,Negatif,Produk/Makanan,Sedang
Dewi Anita,Bukan,5,4,5 tahun lalu,Tidak,Super duper mahal tapi enak 😋 …,Positif,"Produk/Makanan, Harga",Rendah
Mario Dwi Putra Lesmana,Ya,61,1,3 tahun lalu,Tidak,Harga Bintang Lima Rasa Kaki Lima,Negatif,"Produk/Makanan, Harga",Sedang
Krisna Mukti,Ya,97,4,8 tahun lalu,Tidak,Mantap pedesnya dan banyak pilihan,Positif,Produk/Makanan,Rendah
Indra Mardyanto,Ya,113,5,7 tahun lalu,Tidak,"Sambalnya mantap, harga lumayan",Positif,"Produk/Makanan, Harga",Rendah
may susan,Ya,137,5,5 tahun lalu,Tidak,Enak n ga mahal,Positif,"Produk/Makanan, Harga",Rendah
Denny Purba,Ya,466,5,9 tahun lalu,Tidak,Tempat makan wajib kalo di Surabaya,Positif,Suasana/Tempat,Rendah
Wahyu Utami,Ya,604,5,5 tahun lalu,Tidak,Luar biasa uenaak....sambelnya Jooss,Positif,Produk/Makanan,Rendah
Agn.,Ya,26,5,6 tahun lalu,Tidak,"Enak, sambelnya pedes seger",Positif,Produk/Makanan,Rendah
Palawa cindy,Bukan,12,5,10 tahun lalu,Tidak,Dibulan puasa klo pagi buka gak,Netral,Suasana/Tempat,Rendah
FaiqulKhair El-Hasby,Ya,266,5,6 tahun lalu,Tidak,Sambelnya enaak. Aneka lauknya banyak.,Positif,Produk/Makanan,Rendah
Arianto,Ya,114,3,4 tahun lalu,Tidak,Daging bebek dan ayam masihterlalu keras,Negatif,Produk/Makanan,Sedang
gatut kaca,Ya,95,5,2 tahun lalu,Tidak,walau harga agak mahalan...tapi puas,Positif,"Harga, Produk/Makanan",Rendah
Iva Kumalasari,Ya,122,5,7 tahun lalu,Tidak,Isi perut dg berbagai sambal,Positif,Produk/Makanan,Rendah
Laili Nurul,Bukan,1,5,6 tahun lalu,Tidak,"Pedesnya mntabb bnget, enak jug'",Positif,Produk/Makanan,Rendah
AUTO ELECTRICAL,Ya,20,1,10 tahun lalu,Tidak,"Aq ga tau, g pernah coba",Netral,Lainnya,Rendah
Yhonny Yus,Ya,412,2,5 tahun lalu,Tidak,"Harga mahal, pelayanan lambat",Negatif,"Harga, Pelayanan/Staf",Sedang
ARIF SETYAWAN,Ya,45,5,3 tahun lalu,Tidak,Makanan laut yang enak di kota Surabaya,Positif,Produk/Makanan,Rendah
Johny Zakaria,Ya,28,4,3 tahun lalu,Tidak,Sambal nya beraneka macam,Positif,Produk/Makanan,Rendah
Yuda RibutP,Bukan,8,1,4 tahun lalu,Tidak,"Kurang bersih, terlalu overprice",Negatif,"Suasana/Tempat, Harga",Sedang
Dian Fitriawan,Ya,115,4,Diedit 3 tahun lalu,Tidak,enak seh tp.....,Netral,Produk/Makanan,Rendah
komang suheryadi,Ya,67,5,7 tahun lalu,Tidak,Layanannya cepat dan yang penting buka 24jam,Positif,"Pelayanan/Staf, Fasilitas/Parkir",Rendah
Reza Aditya,Ya,51,4,7 tahun lalu,Tidak,Enak nyaman dan sudah tidak serame dulu,Positif,"Produk/Makanan, Suasana/Tempat",Rendah
Heru Isdianto,Ya,311,2,7 tahun lalu,Tidak,standar gk ada yg istimewa,Netral,Produk/Makanan,Rendah
AnduzBraga,Ya,9,2,8 tahun lalu,Tidak,Spesialnya cma 24 jam aja..,Negatif,Suasana/Tempat,Sedang
johannes riter,Ya,19,5,7 tahun lalu,Tidak,Juaranya bakar-bakaran 👍🏼 Sukses selalu …,Positif,Produk/Makanan,Rendah
Nurmila Mustika,Ya,21,5,8 tahun lalu,Tidak,"Taste able, pedasnya nyuss",Positif,Produk/Makanan,Rendah
Ibar,Ya,109,4,6 tahun lalu,Tidak,"Ikan bakarnya enak, sambalnya khas.",Positif,Produk/Makanan,Rendah
Bapak Sugiono,Ya,31,4,5 tahun lalu,Tidak,Recomended untuk salah satu kulineran surabaya,Positif,Produk/Makanan,Rendah
Virda Kurniawan,Ya,87,2,9 tahun lalu,Tidak,Enak tapi harganya ga enak,Negatif,"Produk/Makanan, Harga",Sedang
K. Ridha,Ya,301,4,4 tahun lalu,Tidak,Malam malam lapar ya kesini buka 24 jam,Positif,Lainnya,Rendah
LY Anggoro Wicaksono,Bukan,10,5,7 tahun lalu,Tidak,Makanan semakin lama semakin mahal,Negatif,"Produk/Makanan, Harga",Sedang
Yoyok Suherwanto,Ya,12,5,7 tahun lalu,Tidak,Wiih.ini terletak d blauran.macam macam penyetan.,Netral,"Produk/Makanan, Suasana/Tempat",Rendah
Muhammad Irvan,Bukan,4,1,2 tahun lalu,Tidak,Makan disini mahal banget,Negatif,Harga,Sedang
eko Suryobuono,Ya,46,5,7 tahun lalu,Tidak,Sambal enak nyoo,Positif,Produk/Makanan,Rendah
Fitri Alkayyis,Ya,27,5,8 tahun lalu,Ya,Joss,Positif,Lainnya,Rendah
Guntur Azhari,Ya,50,5,7 tahun lalu,Tidak,Tempat nya strategi dan enak untuk santai,Positif,Suasana/Tempat,Rendah
Gusti Agung Permana,Ya,16,5,8 tahun lalu,Tidak,Makanannya enak tapi agak mahal,Netral,"Produk/Makanan, Harga",Rendah
Ramadhani Nurdiansyah,Bukan,7,4,8 tahun lalu,Tidak,"Strategis,luas parkirnya,dan tempat makan juga luas",Positif,"Suasana/Tempat, Fasilitas/Parkir",Rendah
arini wulan,Bukan,4,1,4 tahun lalu,Tidak,Harganya sangat mahal..,Negatif,Harga,Sedang
Omma Oppa,Bukan,3,4,8 tahun lalu,Tidak,Lumayan rame. Pelayanan lumayan cepat,Positif,Pelayanan/Staf,Rendah
roesli saptadji,Ya,47,4,7 tahun lalu,Tidak,Bebek goreng nya manteb,Positif,Produk/Makanan,Rendah
Abdul Aziz,Ya,113,5,7 tahun lalu,Tidak,Hehehe... Mahal sih,Netral,Harga,Rendah
vito brata putra suharto,Bukan,8,1,7 bulan lalu,Tidak,Mahal,Negatif,Harga,Sedang
CHECKMARK channel,Ya,3,3,6 tahun lalu,Tidak,Mahal... dan gak ada patokannya,Negatif,Harga,Sedang
Izam Janky Dauzat,Bukan,12,5,9 tahun lalu,Tidak,Penyetan mantabb hanya di PADIN,Positif,Produk/Makanan,Rendah
Denny Pratama Candra,Ya,30,1,8 tahun lalu,Tidak,"Kemahalen, mendingan bebek yg lain dah",Negatif,"Harga, Produk/Makanan",Sedang
jahadafisabilillah amin,Ya,126,2,7 tahun lalu,Tidak,Enak yg dulu. Skrng biasa aja.,Netral,Produk/Makanan,Rendah
Imam Sugianto,Ya,109,5,7 tahun lalu,Ya,Mantapp,Positif,Lainnya,Rendah
Arief Rakhmat,Ya,153,5,8 tahun lalu,Tidak,"pedese poll, maknyuss nyuss",Positif,Produk/Makanan,Rendah
MaVee`,Bukan,1,2,3 tahun lalu,Tidak,Terlalu mahal untuk rasa yang SNI,Negatif,"Harga, Produk/Makanan",Rendah
Meity Langka,Ya,118,5,7 tahun lalu,Tidak,Tempat belanja oleh-oleh yang murah dan berkualitas,Positif,"Harga, Produk/Makanan",Rendah
Ester Ananda,Bukan,4,1,6 tahun lalu,Tidak,"MAHAL, TEMPAT KOTOR, PEGAWAI TIDAK RAMAH BANGET!!!",Negatif,"Harga, Suasana/Tempat",Sedang
Brollyana Febrianita Nadur,Ya,83,2,8 tahun lalu,Tidak,Harganya parah overpriced,Negatif,Harga,Rendah
Hary Moeljono,Ya,301,2,7 tahun lalu,Tidak,Kurang bersih t4nya,Negatif,Suasana/Tempat,Rendah
Catur Hartono,Ya,629,5,8 tahun lalu,Tidak,Enak.... tapi kok larang yo?,Netral,"Produk/Makanan, Harga",Rendah
Achmad Rizal Fauzi,Ya,27,3,6 tahun lalu,Tidak,Lumayan bagus n komplit...👍 …,Positif,Produk/Makanan,Rendah
Icha,Ya,72,1,6 tahun lalu,Tidak,Harga mahal sekali,Negatif,Harga,Rendah
Elisabeth Wicaksono,Ya,25,1,7 tahun lalu,Tidak,Sangat mahal. Rasa biasa aja.,Negatif,"Harga, Produk/Makanan",Rendah
Mr Sangar,Ya,26,5,7 tahun lalu,Tidak,Enak sambel nya jos gandos👍👍 …,Positif,Produk/Makanan,Rendah
teguh pranoto,Ya,17,5,8 tahun lalu,Tidak,recomended bagi yg suka pedas,Positif,Produk/Makanan,Rendah
Si Bolang,Ya,32,3,5 tahun lalu,Tidak,Rasa juara tapi kebersihan tolong diperhatikan,Netral,"Produk/Makanan, Suasana/Tempat",Sedang
Dwi Juni Muhammad Sabur,Ya,418,5,6 tahun lalu,Tidak,Rasa kaki lima tapi harganya bintang lima.,Negatif,"Produk/Makanan, Harga",Rendah
UMAR KHASAN,Ya,46,4,6 tahun lalu,Tidak,Mantul surendul....cetar...huhh pedas,Positif,Produk/Makanan,Rendah
Muhammad Fadhil Rezka,Ya,121,5,8 tahun lalu,Tidak,Mantab ini.. klo ke surabaya kesini terus..,Positif,Produk/Makanan,Rendah
Djoko Amsori,Ya,42,5,6 tahun lalu,Tidak,Makanan khas surabaya penyetan yang lengkap,Positif,Produk/Makanan,Rendah
Akhmad Genz,Ya,41,4,7 tahun lalu,Tidak,"Kuliner malam d Surabaya, nasi sambal",Positif,Produk/Makanan,Rendah
Yoga Wedhaswara,Ya,31,4,7 tahun lalu,Tidak,Ada pilihan level sambelnya..,Positif,Produk/Makanan,Rendah
weka tan,Ya,64,5,7 tahun lalu,Tidak,Cuman agak mahal aja sekarang..,Negatif,Harga,Sedang
hadi ono,Ya,27,4,Diedit 7 tahun lalu,Tidak,mantabs....sambel e joss!!,Positif,Produk/Makanan,Rendah
Ega 364,Ya,34,5,8 tahun lalu,Tidak,Warung penyetan 24 jam nonstop,Netral,Pelayanan/Staf,Rendah
Pandu Septiyan Tutuko,Ya,18,1,2 tahun lalu,Tidak,Harga terlalu over price,Negatif,Harga,Sedang
agnes wendy,Ya,27,5,4 tahun lalu,Tidak,Sambalnya enak,Positif,Produk/Makanan,Rendah
my belinda27,Ya,266,5,6 tahun lalu,Tidak,Enak bngt,Positif,Produk/Makanan,Rendah
bagus prasetyo,Ya,36,3,6 tahun lalu,Tidak,"Enak sih, tapi over priced",Netral,"Produk/Makanan, Harga",Sedang
Pras Tyo,Bukan,4,1,7 tahun lalu,Tidak,Harga tidak sesuai,Negatif,Harga,Sedang
Ade Yoska Sabar Ikhlas,Ya,132,5,5 tahun lalu,Tidak,Enak sambal nya mantap,Positif,Produk/Makanan,Rendah
nurhidayah anam,Ya,22,3,7 tahun lalu,Tidak,SNI lah,Positif,Lainnya,Rendah
Devi Cahyanto,Ya,202,1,6 tahun lalu,Tidak,Mahalnya ga ukuran juumm,Negatif,Harga,Sedang
reza afnan,Ya,177,5,4 tahun lalu,Tidak,Sambel korek da best,Positif,Produk/Makanan,Rendah
albertus arnold,Ya,75,5,8 tahun lalu,Tidak,Sambal.nya mantap,Positif,Produk/Makanan,Rendah
mark fahru,Bukan,3,2,3 tahun lalu,Tidak,Bagi kantong kecil no rekomen 😭😭😭😭🥵🥵🥵🥵🥵🥵 …,Negatif,Harga,Sedang
Moch Ameer,Bukan,3,3,7 tahun lalu,Tidak,Cuma nggak cocok aja...👌👌👌 …,Netral,Produk/Makanan,Rendah
Herlambang Kosasih,Ya,45,5,8 tahun lalu,Tidak,"Sambal nendang, kerasa banget...",Positif,Produk/Makanan,Rendah
beby regar,Ya,40,4,4 tahun lalu,Tidak,Korek nya sambal terfavorit,Positif,Produk/Makanan,Rendah
CENTRAL MEDIA ADVERTISING,Ya,14,5,4 tahun lalu,Tidak,Menu ikan banyak disajikan,Positif,Produk/Makanan,Rendah
Cak Abby Djarot,Bukan,1,1,7 tahun lalu,Tidak,Gak wajar,Negatif,Lainnya,Sedang
Sandra Toko,Bukan,4,3,6 tahun lalu,Tidak,Lokasi di pinggir jalan tempat luas,Positif,"Suasana/Tempat, Fasilitas/Parkir",Rendah
Agung Hapsari,Ya,208,5,6 tahun lalu,Tidak,Sambellnyaa... Huh hahh,Positif,Produk/Makanan,Rendah
Galih Rakasiwi,Ya,25,3,7 tahun lalu,Tidak,Biasa standart ajaa..,Netral,Produk/Makanan,Rendah
Nia Rohmadon,Ya,21,4,6 tahun lalu,Tidak,buka 24 jam bebek goreng,Positif,Produk/Makanan,Rendah
Ardi Nugroho,Ya,173,5,7 tahun lalu,Tidak,Sambalnya benar2 mantap,Positif,Produk/Makanan,Rendah
Jeffry Ang,Ya,11,1,6 tahun lalu,Tidak,Mahall.... Rasanya biasa saja,Negatif,"Harga, Produk/Makanan",Sedang
Super Hoki,Ya,116,1,7 tahun lalu,Tidak,Mahal ga karuan .....,Negatif,Harga,Sedang
Konter aksesoris HP,Ya,53,5,Diedit 2 tahun lalu,Tidak,Sambelnya mantap,Positif,Produk/Makanan,Rendah
Viral Indonesia,Ya,8,1,3 tahun lalu,Tidak,Rasanya 😂 Harga 😂 Tempat 😂 …,Positif,"Produk/Makanan, Harga",Rendah
Mansyur Mansyur,Ya,62,5,8 tahun lalu,Tidak,Salah satu kuliner yang ada di surabaya,Positif,Suasana/Tempat,Rendah
yonathan sinergy,Ya,43,5,7 tahun lalu,Tidak,Sambalnya mantab..maknyus.,Positif,Produk/Makanan,Rendah
iwan widya,Ya,49,5,9 tahun lalu,Tidak,Mantap menunya,Positif,Produk/Makanan,Rendah
Asep Kurniawan,Ya,196,5,8 tahun lalu,Tidak,Enak lah... rada2 basah,Positif,Produk/Makanan,Rendah
Alicia,Ya,41,5,4 tahun lalu,Tidak,laper tengah malam? padin solusinya,Positif,Produk/Makanan,Rendah
Misbach Arifianto,Ya,4,1,2 tahun lalu,Tidak,"Overprice, harga tidak jelas",Negatif,Harga,Sedang
vinanto deddy wibowo,Ya,53,5,8 tahun lalu,Tidak,Mantap pedas nya,Positif,Produk/Makanan,Rendah
Celin Susanto,Ya,99,4,8 tahun lalu,Tidak,Sambel nya enak bangett,Positif,Produk/Makanan,Rendah
Zainul Mahfudi,Ya,44,5,5 tahun lalu,Tidak,Resto harga terjangkau,Positif,Harga,Rendah
Liviani Nursita,Ya,85,5,8 tahun lalu,Tidak,Ikan bakar sm sambelnya endess,Positif,Produk/Makanan,Rendah
Ronald Ronald,Bukan,8,1,4 bulan lalu,Tidak,MAHAL POOLL,Negatif,Harga,Sedang
Donny Fernando,Ya,16,5,7 tahun lalu,Tidak,Sambal nya mantap uuy,Positif,Produk/Makanan,Rendah
Yudhi Kurniawan,Ya,79,5,7 tahun lalu,Tidak,Sambalnya mantaab.,Positif,Produk/Makanan,Rendah
Muhamad Furqon,Bukan,12,4,7 tahun lalu,Tidak,"makanan ok, harga agak mahal",Positif,"Produk/Makanan, Harga",Rendah
rachman chandra,Ya,112,5,6 tahun lalu,Tidak,Sambelnya super hott,Positif,Produk/Makanan,Rendah
AryaTaka,Ya,20,1,6 tahun lalu,Tidak,tempat kaki lima harga bintang lima,Negatif,"Harga, Suasana/Tempat",Sedang
Bagas Anggoro,Ya,51,4,7 tahun lalu,Tidak,Makanannya enak menurut saya,Positif,Produk/Makanan,Rendah
om De,Ya,33,3,3 tahun lalu,Tidak,pricey untuk ukuran penyetan,Negatif,"Harga, Produk/Makanan",Sedang
tanto,Ya,221,3,7 tahun lalu,Tidak,Mahal rasa biasa saja,Negatif,"Harga, Produk/Makanan",Sedang
andra noviansyah,Ya,46,4,8 tahun lalu,Tidak,sambalnya enak,Positif,Produk/Makanan,Rendah
Susilo Widodo,Ya,33,3,7 tahun lalu,Tidak,Cuma ya relatif mahal sih,Netral,Harga,Rendah
Reza Rachmad,Ya,14,1,2 tahun lalu,Tidak,Restoran parah haha,Negatif,Lainnya,Sedang
Loly Marlina Iskandar,Ya,24,1,2 tahun lalu,Tidak,EDAN HARGANYA NGEPRUK BANGET 😭😭😭 …,Negatif,Harga,Tinggi
Ika Agustine,Ya,79,1,8 tahun lalu,Tidak,MAHAL DAN BIASA AJA SAMBALNYA!,Negatif,"Harga, Produk/Makanan",Sedang
Putra Buana,Ya,30,5,8 tahun lalu,Tidak,masakanya...mantabb...berasa..khas jawa,Positif,Produk/Makanan,Rendah
moch. syafi'i,Ya,202,3,Diedit 2 tahun lalu,Tidak,Harga & rasa ....,Netral,"Harga, Produk/Makanan",Rendah
Budi Balik kanan,Ya,217,4,6 tahun lalu,Tidak,Lumayan buat pengganjal lapar,Netral,Produk/Makanan,Rendah
Cenlo Amo,Ya,90,4,Diedit 7 tahun lalu,Tidak,Hrgnya g oke,Negatif,Harga,Sedang
Gudianto Huang,Ya,481,5,4 tahun lalu,Tidak,Paling Ramai & Pelayanan Bagus 👍👍👍 …,Positif,Pelayanan/Staf,Rendah
Nur Chumairah Az zahrah 25,Bukan,4,5,7 tahun lalu,Tidak,Pelayananya cukup memuaskan,Positif,Pelayanan/Staf,Rendah
Djaka Si unyil,Bukan,14,3,8 tahun lalu,Tidak,mahal. tempat kotor,Negatif,"Harga, Suasana/Tempat",Sedang
Budi PR,Ya,251,5,Diedit setahun lalu,Tidak,Mantap,Positif,Lainnya,Rendah
David Dadang Sujatmiko,Ya,29,5,7 tahun lalu,Tidak,Sambalnya mantap,Positif,Produk/Makanan,Rendah
Tomi Urban Garden and Farm,Ya,38,2,6 tahun lalu,Tidak,Saya setuju dengan komentar komentar sebelumnya,Negatif,Lainnya,Sedang
Diecy Franky Gandasuli,Ya,1823,5,3 tahun lalu,Tidak,Ikan bakar dan sambelnya enak,Positif,Produk/Makanan,Rendah
Akhmad Santoso,Ya,91,5,4 tahun lalu,Tidak,Mantap ......sambelnya enak,Positif,Produk/Makanan,Rendah
Syaiful Akhyar Laitupa,Ya,139,4,4 tahun lalu,Tidak,Enak dan cepat saji,Positif,"Produk/Makanan, Pelayanan/Staf",Rendah
R Sna,Bukan,12,5,7 tahun lalu,Tidak,Mahal pk banget,Negatif,Harga,Sedang
Angga Kurniawan,Ya,21,5,7 tahun lalu,Tidak,"Sambel'y pedes cihuyy,,",Positif,Produk/Makanan,Rendah
Ronald Pasaribu,Ya,216,4,5 tahun lalu,Tidak,Ini baru lalapan yang benar2 nikmat,Positif,Produk/Makanan,Rendah
Bagus Prakoso,Ya,20,1,7 tahun lalu,Tidak,Ikannya agak bau,Negatif,Produk/Makanan,Tinggi
3k0,Ya,526,5,4 tahun lalu,Tidak,Buka 24jam gaes...,Positif,Lainnya,Rendah
Dwi Lutfi,Ya,28,5,7 tahun lalu,Tidak,Lezat dan harga mantap habis,Positif,"Produk/Makanan, Harga",Rendah
R1 Production Indonesia,Bukan,13,3,6 tahun lalu,Tidak,Harga nya luar biasa,Positif,Harga,Rendah
Si Dragon,Ya,84,5,5 tahun lalu,Tidak,Mantap pedasnya,Positif,Produk/Makanan,Rendah
fitria indrianti,Ya,22,5,7 tahun lalu,Tidak,Ikan bakar dan sambalnya enak,Positif,Produk/Makanan,Rendah
Evi Wulandari,Ya,153,5,7 tahun lalu,Tidak,"Jual makanan, banyak macam macam ikan",Netral,Produk/Makanan,Rendah
Sugeng Wiyono,Ya,65,3,7 tahun lalu,Tidak,Sambelnya kurang cocok....,Negatif,Produk/Makanan,Sedang
Ana Anang,Ya,4,1,4 tahun lalu,Tidak,Mahal. Makanya sepi,Negatif,Harga,Sedang
Catur Adi Wicaksono,Ya,301,3,7 tahun lalu,Tidak,Harga sangat mahal,Negatif,Harga,Sedang
Berta Shang,Ya,88,4,7 tahun lalu,Tidak,Mantaapp dah pokoknya..,Positif,Lainnya,Rendah
Bagazz Kara,Ya,578,5,4 tahun lalu,Tidak,"Siip, darurat kalau malem",Positif,Lainnya,Rendah
yasseryus alkar,Bukan,7,3,7 tahun lalu,Tidak,Kurang memuaskan,Negatif,Lainnya,Sedang
Muhammad Dzakwan,Bukan,6,2,4 tahun lalu,Tidak,"Biasa aja,mahal banget",Negatif,Harga,Sedang
Agus Setiabudi,Ya,16,4,7 tahun lalu,Tidak,Selalu ada saat perut laper,Positif,Lainnya,Rendah
Mashadi Ali,Ya,443,3,7 tahun lalu,Tidak,Saya suka ikan bakarnya,Positif,Produk/Makanan,Rendah
bast,Ya,30,5,7 tahun lalu,Tidak,Sambelnya pedes dan enak,Positif,Produk/Makanan,Rendah
Iwan Andyanto,Ya,84,5,4 tahun lalu,Ya,Ikan bakrnya mantab,Positif,Produk/Makanan,Rendah
adhi.irawan,Ya,36,5,2 tahun lalu,Tidak,24 jam buka,Positif,Lainnya,Rendah
Fajar Herbowo,Ya,19,5,7 tahun lalu,Tidak,Enak tp mahal,Netral,"Produk/Makanan, Harga",Rendah
Dodik kuswo,Ya,27,3,8 tahun lalu,Tidak,Enak tapi kemahalan menurut saya,Netral,"Produk/Makanan, Harga",Rendah
Universal Mannequin,Ya,116,4,7 tahun lalu,Tidak,Mantap... buka 24 jam,Positif,"Produk/Makanan, Fasilitas/Parkir",Rendah
Andi Ahmad Bartian Dimyati Bahar,Ya,13,5,8 tahun lalu,Tidak,Mantap sambelnya!,Positif,Produk/Makanan,Rendah
roberth bryan,Ya,19,1,setahun lalu,Tidak,Mahal,Negatif,Harga,Sedang
Febri Hadi Hermawan,Ya,134,5,4 tahun lalu,Tidak,Sambel nya jos mantaps,Positif,Produk/Makanan,Rendah
Ayu Garnasih,Ya,56,3,7 tahun lalu,Tidak,"mehong cyin, cek harga dulu",Negatif,Harga,Sedang
freddygo wedayanto,Ya,23,4,3 tahun lalu,Tidak,Banyak pengamen,Negatif,Suasana/Tempat,Sedang
choirul hamim,Ya,32,5,7 tahun lalu,Tidak,Pelayanannya rama,Positif,Pelayanan/Staf,Rendah
Whike Candra Rahayu,Bukan,4,3,6 tahun lalu,Tidak,Sambelnya enak,Positif,Produk/Makanan,Rendah
Sandy Yudha Permana,Ya,401,5,6 tahun lalu,Tidak,Rasa luar biasa,Positif,Produk/Makanan,Rendah
Nano Citizen,Ya,442,3,setahun lalu,Tidak,Gak worthed,Negatif,Harga,Sedang
red foxx,Bukan,12,3,7 tahun lalu,Tidak,Mahal oi wkwk,Negatif,Harga,Sedang
Syahrir r Syahrir r,Ya,19,5,3 tahun lalu,Tidak,Sungguh membuat saya senang,Positif,Lainnya,Rendah
Suryaningsih Subandriyo (Yaya_Midwifery),Ya,28,5,5 tahun lalu,Tidak,Mantap sambelnya,Positif,Produk/Makanan,Rendah
Abdul Mutalib,Ya,85,5,3 tahun lalu,Tidak,Sambel koreknya mantap,Positif,Produk/Makanan,Rendah
Yafie Al Banna,Bukan,9,5,7 tahun lalu,Tidak,Sambalnya parah,Negatif,Produk/Makanan,Sedang
Alif Rafa,Ya,469,5,9 tahun lalu,Tidak,Semua enak dan serba ada,Positif,Produk/Makanan,Rendah
Fandhy Lestiono,Ya,5,5,7 tahun lalu,Tidak,Sambalnya pedas banget,Positif,Produk/Makanan,Rendah
Yoyok Kuswanto7,Ya,78,5,7 tahun lalu,Ya,Sederhana namun nikmat,Positif,Produk/Makanan,Rendah
Fachrizal Niar,Bukan,8,2,4 tahun lalu,Tidak,enak tapi mahal,Netral,"Produk/Makanan, Harga",Rendah
Yupi Kurniawan,Ya,24,5,4 tahun lalu,Tidak,Sambelnya ok 👌 …,Positif,Produk/Makanan,Rendah
Saputra Ady,Ya,72,4,7 tahun lalu,Tidak,"Puas, harga diatas standart",Positif,Harga,Rendah
Azazil,Bukan,9,1,4 bulan lalu,Tidak,Nyesel kesini,Negatif,Lainnya,Sedang
Yulius Indro Cahyono,Ya,151,4,4 tahun lalu,Tidak,Pedasnya menantang,Positif,Produk/Makanan,Rendah
niko rikardo,Bukan,4,4,8 tahun lalu,Tidak,Sambelnya mantap,Positif,Produk/Makanan,Rendah
Fajar Dwi nurrizki,Ya,62,5,7 tahun lalu,Tidak,Sambalnya istimewa,Positif,Produk/Makanan,Rendah
Dharmawan Widodo,Ya,273,3,7 tahun lalu,Tidak,Enak... Agak mahal,Netral,"Produk/Makanan, Harga",Rendah
Muhammad Syaiful,Bukan,6,5,3 tahun lalu,Tidak,Pelayanan cepat dan ramah.👍👍👍👍👍 …,Positif,Pelayanan/Staf,Rendah
Ujang Heryanto,Ya,78,3,2 tahun lalu,Tidak,Standar,Netral,Produk/Makanan,Rendah
ipoel ndhuro,Ya,21,5,5 tahun lalu,Tidak,Selera aku banget,Positif,Produk/Makanan,Rendah
Ahmad Jibril Muayyad,Ya,66,3,7 tahun lalu,Tidak,Sebenarnya saya belum mampir kesini,Netral,Lainnya,Rendah
linda paulus,Ya,28,5,8 tahun lalu,Tidak,Makanan lumayan rasanya,Positif,Produk/Makanan,Rendah
Bambang Murianto,Bukan,3,1,6 tahun lalu,Tidak,Mahal ikannya,Negatif,"Produk/Makanan, Harga",Rendah
achmad fauzin,Ya,294,5,Diedit 7 tahun lalu,Tidak,Penyetan ikan segar yang mantab,Positif,Produk/Makanan,Rendah
lie1289,Ya,18,5,4 tahun lalu,Tidak,wenakk tapi mehong hihihi,Netral,"Produk/Makanan, Harga",Rendah
Linda Purwanti,Ya,6,1,2 tahun lalu,Tidak,Sangat mahal,Negatif,Harga,Rendah
Moh. Nurul Ali,Ya,310,5,6 tahun lalu,Tidak,Sambalnya joss,Positif,Produk/Makanan,Rendah
zuhud samsi,Ya,10,4,5 tahun lalu,Tidak,sambelnya lumayan,Positif,Produk/Makanan,Rendah
Diky Abrial,Ya,65,5,8 tahun lalu,Tidak,Mantap pedessnyaa,Positif,Produk/Makanan,Rendah
Zabirru & Ameera,Ya,67,1,5 tahun lalu,Tidak,"Rasa biasa, harga mahaal",Negatif,"Produk/Makanan, Harga",Rendah
Yales Marine,Ya,108,5,3 tahun lalu,Tidak,Mantab makanan dan memuaskan,Positif,Produk/Makanan,Rendah
Prabowo Herbanu,Ya,41,2,8 tahun lalu,Tidak,"Lumayan enak, tapi mahal.",Netral,"Produk/Makanan, Harga",Rendah
Bodong Contoh,Ya,111,5,7 tahun lalu,Tidak,Nyut nyut,Positif,Produk/Makanan,Rendah
Angga K. Putra,Ya,60,4,7 tahun lalu,Tidak,Gurami bakar nya enak,Positif,Produk/Makanan,Rendah
Dewi Setiawati,Bukan,10,5,4 tahun lalu,Tidak,Sambelnya manyap,Positif,Produk/Makanan,Rendah
Bayu Samudra,Bukan,1,4,5 tahun lalu,Tidak,Memuaskan,Positif,Lainnya,Rendah
Rachmad basuki,Ya,30,5,7 tahun lalu,Tidak,rame sekali,Netral,Suasana/Tempat,Rendah
luth fi,Ya,207,4,7 tahun lalu,Tidak,Lebih nyaman pas malam,Positif,Suasana/Tempat,Rendah
Diego Milito,Bukan,1,2,7 tahun lalu,Tidak,Harus siapin duit extra,Netral,Harga,Rendah
yuad,Bukan,15,5,6 tahun lalu,Tidak,Tempat nya asyik,Positif,Suasana/Tempat,Rendah
teguh kukuh,Ya,49,4,8 tahun lalu,Tidak,Sambelnya mantap,Positif,Produk/Makanan,Rendah
Achmad Fadil Rahmadani,Ya,36,2,4 tahun lalu,Tidak,Harganya sangat mahal,Negatif,Harga,Sedang
happiest gurl,Ya,181,3,7 tahun lalu,Tidak,Rasa enak tapi agak mahal,Positif,"Produk/Makanan, Harga",Rendah
Aricx zuro,Ya,374,5,2 tahun lalu,Tidak,muantap banget...,Positif,Lainnya,Rendah
Mas Bramono,Ya,69,5,5 tahun lalu,Tidak,Enyaa,Positif,Produk/Makanan,Rendah
fikri iqbal,Ya,35,1,7 tahun lalu,Tidak,MAHAL BOS GAK USAH DATANG,Negatif,Harga,Sedang
Yano Admawijaya,Bukan,13,5,6 tahun lalu,Tidak,Enak dan rekomended,Positif,Produk/Makanan,Rendah
RATJIK PRODUCTION,Ya,30,5,7 tahun lalu,Ya,Tempat Makan nya para Artis 😍😍 …,Positif,Suasana/Tempat,Rendah
Nita JB,Ya,9,1,2 tahun lalu,Tidak,Harganya selangit 😵😵😵 …,Negatif,Harga,Sedang
Sancaya Ongis,Ya,45,5,2 tahun lalu,Tidak,Enak..rekomended,Positif,Produk/Makanan,Rendah
Nino Salakory,Ya,11,5,Diedit 7 tahun lalu,Tidak,Mantap abis bro,Positif,Produk/Makanan,Rendah
Ardian Syah,Bukan,6,1,9 tahun lalu,Tidak,Harga terlalu melangit,Negatif,Harga,Sedang
firdaus kholil,Ya,22,5,7 tahun lalu,Tidak,Mantap Pedasnyaa,Positif,Produk/Makanan,Rendah
Man To,Ya,18,5,4 tahun lalu,Tidak,Sangat enak,Positif,Produk/Makanan,Rendah
Muhammad Asrori,Bukan,4,1,3 tahun lalu,Tidak,Mahal banget,Negatif,Harga,Sedang
Fembri Yanto,Ya,96,4,6 tahun lalu,Tidak,Murah meriah,Positif,Harga,Rendah
Alip Javier,Ya,62,3,6 tahun lalu,Tidak,Lumayan enak,Positif,Produk/Makanan,Rendah
Herdy,Ya,194,4,Diedit 7 tahun lalu,Tidak,Sambalnya maknyuuzss..,Positif,Produk/Makanan,Rendah
Rizqy Ardiansyah,Ya,622,4,6 tahun lalu,Tidak,👍 …,Positif,Lainnya,Rendah
al hamzah,Ya,21,4,3 tahun lalu,Tidak,Enak tapi mahal,Netral,"Produk/Makanan, Harga",Rendah
Sunardi Sunardi,Ya,34,5,6 tahun lalu,Tidak,Lumayan setandard,Netral,Produk/Makanan,Rendah
Subiantara Liong,Bukan,2,1,6 tahun lalu,Tidak,Semakin mahal,Negatif,Harga,Sedang
Oxta,Ya,172,3,7 tahun lalu,Tidak,Lumayan enak,Positif,Produk/Makanan,Rendah
Daniel Susanto,Ya,91,5,7 tahun lalu,Tidak,Lumayan enak,Positif,Produk/Makanan,Rendah
Vavilia Maureen,Ya,12,3,8 tahun lalu,Tidak,Lumayan enak,Positif,Produk/Makanan,Rendah
Mochamad Faturochman,Ya,244,3,8 tahun lalu,Tidak,🤐🤐🤐 …,Netral,Lainnya,Rendah
Dieto,Ya,249,4,7 tahun lalu,Tidak,Membantu sekali,Positif,Lainnya,Rendah
Yoakim Hermawan,Ya,90,5,3 tahun lalu,Tidak,Ikan segar sambel mntapp,Positif,Produk/Makanan,Rendah
Surfananda Pratama,Ya,17,5,7 tahun lalu,Tidak,Pedess bgt lah ini asli,Positif,Produk/Makanan,Rendah
Santi Mulyadi,Bukan,1,5,Diedit 7 tahun lalu,Tidak,Maknyoss... Menggugah selera...,Positif,Produk/Makanan,Rendah
Y0G4 PR4T4M4,Ya,32,5,5 tahun lalu,Tidak,👌👌👌👍👍👍 …,Positif,Lainnya,Rendah
Waluyo Rachmad Kurniawan,Ya,25,4,7 tahun lalu,Tidak,Sambelnya nampok banget,Positif,Produk/Makanan,Rendah
Fay Agensi,Ya,67,3,9 tahun lalu,Tidak,Over price kemahalan...,Negatif,Harga,Sedang
Ashari Farell,Bukan,2,5,5 tahun lalu,Tidak,Mantap...,Positif,Lainnya,Rendah
Siti Munawaroh,Ya,37,3,9 tahun lalu,Tidak,Buka 24jam top,Positif,Fasilitas/Parkir,Rendah
Yohanes Teguh,Ya,273,3,6 tahun lalu,Tidak,Ikan nya enak,Positif,Produk/Makanan,Rendah
Falbo Andika,Ya,16,4,7 tahun lalu,Tidak,Enak meskipun harus antri,Positif,"Produk/Makanan, Pelayanan/Staf",Rendah
prince keane,Ya,41,1,7 tahun lalu,Tidak,Mahal...,Negatif,Harga,Sedang
Ricky Haffyanto,Bukan,3,1,2 tahun lalu,Tidak,mahal,Negatif,Harga,Sedang
Putra Dewata,Ya,217,4,7 tahun lalu,Tidak,Enak walau tak seenak dahulu,Positif,Produk/Makanan,Rendah
Segondok,Bukan,3,5,6 tahun lalu,Ya,luar biasa jos kotos2,Positif,Produk/Makanan,Rendah
Venusrentcar Surabaya,Ya,288,5,4 tahun lalu,Tidak,Rasanya mantap,Positif,Produk/Makanan,Rendah
Dapur makmus,Ya,26,2,7 tahun lalu,Tidak,Masakannya enak,Positif,Produk/Makanan,Rendah
Adhika Prana Admaja,Ya,77,5,4 tahun lalu,Tidak,Sambelnya mantab,Positif,Produk/Makanan,Rendah
Rizal Holis,Ya,33,5,5 tahun lalu,Tidak,Gurami besar nyaman,Positif,Produk/Makanan,Rendah
Freddy Santoso,Ya,387,5,Diedit 3 tahun lalu,Tidak,Rasa masakannya nikmat,Positif,Produk/Makanan,Rendah
Ramein Gaess,Ya,95,5,Diedit 7 tahun lalu,Tidak,Ikannya enak,Positif,Produk/Makanan,Rendah
Dewa Surya,Ya,99,3,5 tahun lalu,Tidak,Rasa ikan bakar yg lezaat,Positif,Produk/Makanan,Rendah
Ari Bintara,Ya,42,4,4 tahun lalu,Tidak,Harganya kemahalan,Negatif,Harga,Sedang
Rezza Herniawati,Bukan,9,5,3 tahun lalu,Tidak,Harga dan makanan cucok 😁 …,Positif,"Produk/Makanan, Harga",Rendah
macru ph,Ya,190,5,7 tahun lalu,Tidak,Ikan bakar mahal,Negatif,"Produk/Makanan, Harga",Sedang
ardy aprillian,Bukan,7,5,8 tahun lalu,Tidak,Mantap..,Positif,Lainnya,Rendah
Evy Anisa,Ya,67,4,8 tahun lalu,Tidak,Pedessnya mantabb,Positif,Produk/Makanan,Rendah
MUHYIDDIN M SUTARMAN,Ya,18,5,8 tahun lalu,Tidak,Sambel nya itu loh 😁 …,Positif,Produk/Makanan,Rendah
lisa Triyanthi,Ya,31,4,7 tahun lalu,Tidak,"Seru,sambel nya mantap",Positif,Produk/Makanan,Rendah
Qonita Najwa,Ya,68,5,4 tahun lalu,Tidak,Mantap pelayanan nya,Positif,Pelayanan/Staf,Rendah
Bang firman syah,Ya,161,4,7 tahun lalu,Tidak,"Mantablah,, pedas,,",Positif,Produk/Makanan,Rendah
Nobita,Ya,130,5,4 tahun lalu,Tidak,Sambalnya muantab....,Positif,Produk/Makanan,Rendah
Hengky Darmawan,Ya,126,4,6 tahun lalu,Tidak,Ikan Bakar Guraminya Enak.,Positif,Produk/Makanan,Rendah
Arif Rahmanulhakim,Ya,57,5,8 tahun lalu,Tidak,Artis aja makan..😅😅 …,Positif,Lainnya,Rendah
driex hendrik,Ya,203,5,6 tahun lalu,Tidak,Enak masakannya,Positif,Produk/Makanan,Rendah
Estee Madame,Ya,17,5,4 tahun lalu,Tidak,Enaak 👍👍👍 …,Positif,Produk/Makanan,Rendah
Aditya Dimas,Ya,79,5,Diedit 5 tahun lalu,Tidak,Smbalnya joss,Positif,Produk/Makanan,Rendah
Hario Jati Setyadi,Ya,223,4,7 tahun lalu,Tidak,"Enak, tapi lumayan mahal",Netral,"Produk/Makanan, Harga",Rendah
Anton Suhartono,Ya,342,3,Diedit 4 tahun lalu,Tidak,Enak..... Meskipun mahal,Netral,"Produk/Makanan, Harga",Rendah
makhen,Ya,71,5,8 tahun lalu,Tidak,Bersih dan nyaman,Positif,Suasana/Tempat,Rendah
Dickson Tamaka,Ya,56,5,Diedit 2 tahun lalu,Tidak,Enak,Positif,Produk/Makanan,Rendah
Ari Firman,Ya,37,5,3 tahun lalu,Tidak,Mkanan enak mumer,Positif,"Produk/Makanan, Harga",Rendah
Zandy Wjy,Ya,28,4,4 tahun lalu,Tidak,Makanannya enak,Positif,Produk/Makanan,Rendah
Feddy Zulkarnaen F,Bukan,2,5,7 tahun lalu,Tidak,"TEMPAT TONGKRONGANNYA PUREL"" 😁😁😁 …",Netral,Suasana/Tempat,Rendah
Koko Sugiarto,Bukan,8,1,2 tahun lalu,Tidak,Kaget dengan harganya,Netral,Harga,Rendah
Chandra Motor,Ya,14,1,6 tahun lalu,Tidak,Enak tapi mahal,Positif,"Produk/Makanan, Harga",Rendah
Ilham Lanang,Ya,67,5,2 tahun lalu,Tidak,mantap,Positif,Lainnya,Rendah
Frida Sari,Ya,113,3,3 tahun lalu,Tidak,Enak.. Tapi mahal...,Netral,"Produk/Makanan, Harga",Rendah
Syamsul Hakim,Ya,43,5,7 tahun lalu,Tidak,Tempat makan enak,Positif,"Suasana/Tempat, Produk/Makanan",Rendah
Vanny Lestary,Ya,12,5,7 tahun lalu,Tidak,Mantabb sambel nya,Positif,Produk/Makanan,Rendah
Fahriansyah Pratama,Ya,14,3,7 tahun lalu,Tidak,Lumayan..,Positif,Lainnya,Rendah
Haryanto Suharno,Ya,653,5,6 tahun lalu,Tidak,Uenak dan mahal...,Netral,"Produk/Makanan, Harga",Rendah
Aryn Marsudianto,Ya,213,3,5 tahun lalu,Tidak,Mihil harganya,Negatif,Harga,Rendah
Arini Ayu,Bukan,9,1,7 tahun lalu,Tidak,Mahall bagett makanan nya,Negatif,"Harga, Produk/Makanan",Rendah
Edwin Maulana,Ya,136,4,7 tahun lalu,Tidak,Lalapan legendaris untuk mahasiswa,Positif,Produk/Makanan,Rendah
Agustina Bunga,Ya,54,5,6 tahun lalu,Tidak,mahal banget,Negatif,Harga,Rendah
Saiful Arifin,Ya,16,1,7 tahun lalu,Tidak,Terlalu mahal komersial..,Negatif,Harga,Rendah
Desy Nindya,Ya,76,5,8 tahun lalu,Tidak,Sambelnya mantap 👍👍👍 …,Positif,Produk/Makanan,Rendah
cipto Mulyono,Bukan,12,5,7 tahun lalu,Tidak,Hot....,Negatif,Suasana/Tempat,Sedang
Andy Trans,Ya,275,3,Diedit 9 tahun lalu,Ya,"Mantap.......juga,tapi mahal..........",Netral,"Produk/Makanan, Harga",Rendah
milagros indonesia,Ya,235,5,5 tahun lalu,Tidak,Makanannya enak,Positif,Produk/Makanan,Rendah
Rico Eka Prasetyawan,Ya,249,1,3 tahun lalu,Tidak,Nandain biar ga makan disini,Negatif,Lainnya,Sedang
tanzala pratama,Ya,11,5,7 tahun lalu,Ya,Sambelnya juar,Positif,Produk/Makanan,Rendah
putra satria,Ya,17,5,4 tahun lalu,Tidak,Mantap penyettanya,Positif,Produk/Makanan,Rendah
Wahyu Dermawan,Ya,400,5,5 tahun lalu,Tidak,Sambelnya... Joss...,Positif,Produk/Makanan,Rendah
Soadi Soadi,Bukan,5,5,6 tahun lalu,Tidak,Mantap pedas ya,Positif,Produk/Makanan,Rendah
Bang Iwan Bukan Fals,Ya,40,4,6 tahun lalu,Tidak,Makanannya enak,Positif,Produk/Makanan,Rendah
dudung eko patriono,Ya,138,4,7 tahun lalu,Tidak,Sambelnya mantabs,Positif,Produk/Makanan,Rendah
rinto soetjipto,Ya,104,4,7 tahun lalu,Tidak,Sambelnya puedeess,Positif,Produk/Makanan,Rendah
Jimmy Alexander,Ya,71,1,7 tahun lalu,Tidak,Mahal. Kalau makan disini,Negatif,Harga,Sedang
kakap merah chanel,Bukan,3,4,2 tahun lalu,Tidak,Asik,Positif,Suasana/Tempat,Rendah
arif sukmadinata,Ya,78,4,7 tahun lalu,Tidak,Sambelnya mantabb..,Positif,Produk/Makanan,Rendah
Lauhil Mahfud,Bukan,6,4,7 tahun lalu,Tidak,Makanannya enak,Positif,Produk/Makanan,Rendah
Yudhi Tatiorim,Ya,49,4,8 tahun lalu,Tidak,Nikmat kalau lagi mabok.,Positif,Produk/Makanan,Rendah
Muchamad M,Ya,326,3,6 tahun lalu,Tidak,Enak. Lengkap. Terlalu pedas,Positif,Produk/Makanan,Rendah
Papah Chessy,Ya,274,5,2 tahun lalu,Tidak,Keren,Positif,Lainnya,Rendah
Yahya Ariyanto,Ya,4,3,8 tahun lalu,Tidak,Buka 24 jam,Netral,Suasana/Tempat,Rendah
Hardi Hardo,Ya,33,5,7 tahun lalu,Tidak,Sangat mantap,Positif,Lainnya,Rendah
Ff Jo,Ya,258,5,Diedit 2 tahun lalu,Tidak,Pesan di GOJEK,Netral,Pelayanan/Staf,Rendah
ampunBANG JAGO,Bukan,16,3,7 tahun lalu,Tidak,Mahal amat,Negatif,Harga,Sedang
bagus joko,Ya,17,5,7 tahun lalu,Tidak,Enak meski mahal,Positif,"Produk/Makanan, Harga",Rendah
Chandy Mahayana,Ya,12,2,2 tahun lalu,Tidak,Mehong amat,Negatif,Harga,Sedang
Agrinn S,Ya,285,5,2 tahun lalu,Tidak,Ramai,Netral,Suasana/Tempat,Rendah
Masdah Masdah,Bukan,3,5,5 tahun lalu,Tidak,Memang mantapp,Positif,Lainnya,Rendah
muna oke,Ya,20,5,9 tahun lalu,Tidak,Bebas parkir,Positif,Fasilitas/Parkir,Rendah
Bhumy Mahardika,Ya,57,5,Diedit 8 tahun lalu,Tidak,☆☆☆☆☆,Positif,Lainnya,Rendah
nur komar,Ya,230,3,7 tahun lalu,Tidak,Lumayan lah,Netral,Produk/Makanan,Rendah
Paulus Hendratmo,Ya,160,5,7 tahun lalu,Tidak,Nice Bandeng bakarnya,Positif,Produk/Makanan,Rendah
zainul fadli,Bukan,2,1,6 tahun lalu,Tidak,mahal anjing 😡😡😠😠😡 …,Negatif,Harga,Sedang
denny murfahad,Bukan,3,1,setahun lalu,Tidak,TIDAK REKOMENDASI.,Negatif,Lainnya,Sedang
Mumuh Chery surabaya,Ya,56,5,3 tahun lalu,Tidak,Enak,Positif,Produk/Makanan,Rendah
Liman Yahsa,Ya,16,3,8 tahun lalu,Tidak,24 jam,Netral,Suasana/Tempat,Rendah
line jocel,Bukan,2,1,7 tahun lalu,Tidak,"Nyaman, santai",Positif,Suasana/Tempat,Rendah
Dewa Ayu Putu Nuriani,Ya,68,3,7 tahun lalu,Tidak,Kebersihan kurang,Negatif,Suasana/Tempat,Sedang
ROCKY SUGIARTO,Ya,16,1,7 tahun lalu,Tidak,mahal bangeett,Negatif,Harga,Sedang
zwesty yanuarti,Ya,151,4,Diedit 7 tahun lalu,Tidak,"Murmer, sambelnya mantabz",Positif,"Produk/Makanan, Harga",Rendah
Angela Maria,Ya,103,4,7 tahun lalu,Tidak,Nasi kurang punel,Negatif,Produk/Makanan,Sedang
Noer Hendratmo,Ya,21,4,6 tahun lalu,Tidak,Masakan lengkap,Positif,Produk/Makanan,Rendah
elly supriyani,Ya,91,5,4 tahun lalu,Tidak,"Menyenangkan, mengenyanglan",Positif,Produk/Makanan,Rendah
Hariyono Borona,Ya,73,5,5 tahun lalu,Tidak,Iknanya.mantapp,Positif,Produk/Makanan,Rendah
den danu,Ya,201,4,7 tahun lalu,Tidak,Pedasnya jozz,Positif,Produk/Makanan,Rendah
soehendra a,Ya,18,1,3 tahun lalu,Tidak,Larang,Negatif,Harga,Sedang
Kezman Zees,Ya,62,5,7 tahun lalu,Tidak,Sambelnya yang mantap,Positif,Produk/Makanan,Rendah
Sony Kurnianto,Ya,763,5,4 tahun lalu,Tidak,Ragam Kuliner Nusantara,Positif,Produk/Makanan,Rendah
Gusti Akhmad Kartamiharja,Ya,106,2,7 tahun lalu,Tidak,Ikan ga segar,Negatif,Produk/Makanan,Tinggi
Pamuji Sholeh,Ya,75,5,4 tahun lalu,Tidak,Bisa bisa bisa,Positif,Lainnya,Rendah
fahmi dwi mawardi,Ya,23,1,3 tahun lalu,Tidak,Zonk,Negatif,Produk/Makanan,Sedang
wewe winarto,Ya,74,4,5 tahun lalu,Tidak,Biasa aja sekarang,Netral,Produk/Makanan,Rendah
Ferdinand Tri Wibowo,Ya,257,5,3 tahun lalu,Tidak,Lumayan,Netral,Produk/Makanan,Rendah
Saiful Arif,Ya,19,5,4 tahun lalu,Tidak,Barangnya bagus bagus,Positif,Produk/Makanan,Rendah
Kang Danny Creator,Ya,531,5,4 tahun lalu,Tidak,Enak,Positif,Produk/Makanan,Rendah
erik sutanto,Ya,87,3,7 tahun lalu,Tidak,Mahal.,Negatif,Harga,Sedang
Mas Joko,Ya,31,5,3 tahun lalu,Tidak,Mantab,Positif,Produk/Makanan,Rendah
R&B Transport,Ya,29,5,7 tahun lalu,Tidak,Enak....tapi mehong,Netral,"Produk/Makanan, Harga",Rendah
Agoes Ganteng,Bukan,2,4,7 tahun lalu,Tidak,Siaga 24jaam,Positif,Lainnya,Rendah
syaiful anwar,Ya,36,4,5 tahun lalu,Tidak,Tempat kurang bersih,Negatif,Suasana/Tempat,Sedang
Supri Hantono,Ya,67,5,7 tahun lalu,Tidak,Selalu ramai,Netral,Suasana/Tempat,Rendah
Zakie Putra,Ya,24,5,8 tahun lalu,Tidak,Enak sekali,Positif,Produk/Makanan,Rendah
Sabya Syamsina,Ya,89,5,5 tahun lalu,Tidak,Pingin balik kesana lagi,Positif,Lainnya,Rendah
Tito Puspita Wibowo,Ya,116,5,7 tahun lalu,Tidak,"Sambelnya nendang banget,,,",Positif,Produk/Makanan,Rendah
Randhi Sen,Ya,55,5,5 tahun lalu,Tidak,Mantap,Positif,Lainnya,Rendah
parzoonks mezakat,Ya,12,5,5 tahun lalu,Tidak,Bersin dan nikmat,Positif,Produk/Makanan,Rendah
Lina Hasnie,Bukan,13,1,4 tahun lalu,Tidak,Mahal buangett,Negatif,Harga,Sedang
Hendy Boedoro,Ya,168,4,Diedit 4 tahun lalu,Tidak,mantap,Positif,Lainnya,Rendah
Wuri Prasetyo,Ya,1182,4,4 tahun lalu,Tidak,Andalan 24 jam,Positif,Lainnya,Rendah